1,2,3,4,5,6,7,8,9,10,11,12,13,14,15
0.234,0.429,0.585,0.675,0.747,0.833,0.85,0.91,0.927,0.942,0.956,0.961,0.981,0.989,0.985
0.257,0.453,0.565,0.701,0.753,0.823,0.857,0.882,0.926,0.944,0.95,0.958,0.981,0.978,0.993
0.251,0.393,0.564,0.685,0.742,0.813,0.859,0.879,0.923,0.935,0.943,0.959,0.973,0.985,0.98
0.248,0.421,0.569,0.659,0.792,0.831,0.87,0.905,0.92,0.948,0.946,0.961,0.977,0.986,0.983
0.246,0.45,0.574,0.701,0.753,0.827,0.883,0.9,0.926,0.942,0.951,0.966,0.968,0.982,0.985
0.241,0.412,0.584,0.686,0.78,0.814,0.861,0.897,0.91,0.951,0.965,0.966,0.969,0.984,0.983
0.252,0.447,0.58,0.683,0.773,0.81,0.859,0.925,0.934,0.953,0.956,0.966,0.978,0.98,0.985
0.248,0.451,0.581,0.688,0.77,0.825,0.863,0.919,0.917,0.941,0.963,0.97,0.982,0.985,0.987
0.25,0.422,0.574,0.693,0.736,0.796,0.845,0.905,0.931,0.937,0.956,0.967,0.965,0.983,0.985
0.268,0.435,0.584,0.682,0.727,0.812,0.882,0.894,0.929,0.939,0.962,0.974,0.983,0.985,0.989
0.253,0.414,0.59,0.707,0.764,0.819,0.86,0.894,0.931,0.944,0.95,0.972,0.983,0.983,0.99
0.223,0.431,0.582,0.697,0.78,0.823,0.861,0.894,0.92,0.938,0.957,0.965,0.973,0.982,0.99
0.248,0.431,0.603,0.684,0.761,0.806,0.86,0.887,0.921,0.952,0.96,0.977,0.982,0.987,0.987
0.264,0.441,0.569,0.693,0.802,0.822,0.848,0.912,0.928,0.943,0.964,0.969,0.976,0.979,0.988
0.239,0.426,0.576,0.69,0.768,0.821,0.856,0.905,0.939,0.95,0.954,0.968,0.982,0.982,0.987
0.259,0.404,0.578,0.688,0.753,0.824,0.874,0.901,0.915,0.945,0.969,0.97,0.977,0.977,0.984
0.277,0.451,0.554,0.665,0.775,0.814,0.863,0.903,0.924,0.947,0.951,0.979,0.982,0.987,0.988
0.248,0.417,0.571,0.692,0.749,0.829,0.839,0.891,0.936,0.938,0.963,0.968,0.98,0.979,0.989
0.254,0.432,0.565,0.692,0.765,0.817,0.872,0.903,0.912,0.954,0.958,0.969,0.978,0.986,0.991
0.226,0.449,0.595,0.666,0.75,0.818,0.852,0.896,0.908,0.939,0.96,0.973,0.976,0.982,0.983
0.251,0.447,0.576,0.67,0.806,0.811,0.866,0.91,0.93,0.942,0.959,0.965,0.971,0.987,0.987
0.244,0.47,0.586,0.716,0.76,0.805,0.862,0.878,0.916,0.924,0.957,0.96,0.985,0.984,0.99
0.265,0.435,0.563,0.678,0.739,0.828,0.854,0.904,0.922,0.958,0.961,0.966,0.977,0.984,0.987
0.238,0.412,0.576,0.688,0.758,0.808,0.852,0.897,0.931,0.941,0.944,0.966,0.983,0.985,0.977
0.241,0.427,0.574,0.695,0.772,0.816,0.849,0.898,0.93,0.94,0.959,0.966,0.974,0.977,0.988
0.228,0.43,0.588,0.68,0.752,0.819,0.861,0.888,0.925,0.941,0.963,0.955,0.974,0.977,0.987
0.268,0.434,0.58,0.686,0.738,0.824,0.889,0.887,0.926,0.945,0.958,0.971,0.973,0.989,0.984
0.242,0.445,0.573,0.677,0.749,0.824,0.886,0.894,0.926,0.946,0.949,0.965,0.976,0.985,0.984
0.251,0.454,0.592,0.681,0.736,0.818,0.86,0.884,0.93,0.947,0.963,0.964,0.974,0.989,0.988
0.24,0.436,0.597,0.682,0.746,0.836,0.862,0.88,0.913,0.949,0.95,0.966,0.976,0.985,0.984
0.245,0.454,0.576,0.692,0.778,0.813,0.867,0.898,0.934,0.938,0.952,0.97,0.97,0.977,0.98
0.244,0.405,0.567,0.698,0.771,0.819,0.874,0.904,0.931,0.945,0.949,0.972,0.97,0.983,0.985
0.258,0.421,0.601,0.663,0.755,0.799,0.855,0.903,0.927,0.952,0.966,0.964,0.973,0.986,0.991
0.266,0.436,0.571,0.687,0.765,0.843,0.863,0.896,0.932,0.933,0.961,0.96,0.965,0.977,0.983
0.267,0.459,0.584,0.702,0.779,0.825,0.86,0.904,0.937,0.945,0.965,0.966,0.984,0.988,0.992
0.271,0.433,0.585,0.69,0.765,0.821,0.874,0.912,0.928,0.949,0.962,0.971,0.972,0.981,0.987
0.264,0.443,0.572,0.689,0.774,0.809,0.874,0.887,0.937,0.949,0.971,0.966,0.979,0.98,0.987
0.259,0.466,0.6,0.687,0.772,0.836,0.864,0.899,0.943,0.965,0.963,0.96,0.981,0.983,0.994
0.274,0.436,0.582,0.704,0.78,0.843,0.862,0.901,0.918,0.945,0.961,0.965,0.984,0.988,0.986
0.227,0.441,0.569,0.696,0.763,0.82,0.851,0.907,0.924,0.95,0.955,0.964,0.971,0.991,0.985
0.218,0.438,0.592,0.679,0.775,0.829,0.877,0.907,0.926,0.935,0.962,0.97,0.97,0.982,0.987
0.273,0.436,0.564,0.684,0.785,0.812,0.879,0.888,0.924,0.951,0.952,0.97,0.977,0.988,0.987
0.263,0.423,0.574,0.685,0.752,0.826,0.87,0.909,0.936,0.927,0.954,0.964,0.974,0.988,0.988
0.233,0.449,0.601,0.707,0.765,0.844,0.865,0.87,0.918,0.936,0.952,0.967,0.981,0.984,0.988
0.244,0.427,0.578,0.709,0.757,0.825,0.881,0.897,0.932,0.938,0.961,0.971,0.971,0.983,0.987
0.261,0.445,0.597,0.688,0.772,0.809,0.878,0.912,0.932,0.946,0.956,0.968,0.961,0.986,0.986
0.249,0.446,0.581,0.692,0.765,0.843,0.882,0.902,0.926,0.944,0.963,0.975,0.975,0.981,0.983
0.231,0.448,0.563,0.668,0.773,0.818,0.868,0.895,0.927,0.95,0.96,0.97,0.978,0.988,0.982
0.257,0.424,0.558,0.651,0.765,0.829,0.877,0.908,0.914,0.937,0.945,0.967,0.972,0.986,0.986
0.241,0.438,0.591,0.674,0.749,0.81,0.874,0.929,0.92,0.945,0.951,0.969,0.98,0.981,0.987
0.245,0.411,0.59,0.694,0.761,0.813,0.859,0.92,0.934,0.947,0.958,0.978,0.979,0.987,0.987
0.241,0.441,0.586,0.666,0.762,0.821,0.847,0.891,0.933,0.949,0.963,0.972,0.968,0.973,0.989
0.248,0.444,0.604,0.715,0.755,0.815,0.886,0.907,0.938,0.949,0.959,0.978,0.973,0.981,0.979
0.236,0.443,0.571,0.687,0.786,0.817,0.849,0.893,0.913,0.943,0.963,0.97,0.97,0.982,0.983
0.256,0.472,0.613,0.706,0.773,0.827,0.871,0.893,0.925,0.942,0.966,0.968,0.973,0.981,0.989
0.256,0.432,0.568,0.683,0.786,0.843,0.871,0.883,0.936,0.944,0.956,0.969,0.973,0.991,0.986
0.254,0.452,0.576,0.671,0.761,0.809,0.867,0.897,0.932,0.959,0.96,0.974,0.981,0.985,0.987
0.279,0.457,0.574,0.678,0.778,0.823,0.858,0.89,0.925,0.953,0.946,0.954,0.969,0.981,0.985
0.219,0.425,0.589,0.694,0.764,0.819,0.864,0.908,0.924,0.946,0.96,0.964,0.979,0.981,0.988
0.259,0.404,0.566,0.677,0.773,0.82,0.872,0.897,0.915,0.947,0.951,0.971,0.978,0.981,0.991
0.271,0.451,0.578,0.67,0.768,0.821,0.853,0.892,0.949,0.939,0.954,0.966,0.977,0.974,0.986
0.251,0.42,0.574,0.668,0.748,0.826,0.867,0.897,0.929,0.945,0.954,0.967,0.972,0.986,0.983
0.255,0.432,0.605,0.687,0.765,0.834,0.862,0.89,0.932,0.948,0.964,0.966,0.982,0.982,0.985
0.262,0.418,0.574,0.687,0.76,0.809,0.874,0.889,0.925,0.944,0.947,0.968,0.978,0.984,0.983
0.234,0.447,0.594,0.682,0.762,0.814,0.871,0.904,0.918,0.957,0.963,0.973,0.979,0.981,0.987
0.243,0.44,0.576,0.669,0.755,0.83,0.879,0.891,0.924,0.931,0.961,0.967,0.977,0.981,0.982
0.252,0.447,0.59,0.679,0.777,0.823,0.868,0.907,0.926,0.952,0.963,0.966,0.975,0.976,0.985
0.227,0.41,0.579,0.676,0.734,0.823,0.866,0.893,0.918,0.931,0.942,0.974,0.967,0.981,0.987
0.26,0.426,0.575,0.683,0.78,0.825,0.868,0.91,0.921,0.948,0.966,0.966,0.98,0.975,0.984
0.266,0.459,0.573,0.701,0.754,0.833,0.877,0.91,0.912,0.938,0.958,0.967,0.97,0.986,0.986
0.255,0.434,0.559,0.657,0.784,0.82,0.865,0.886,0.929,0.946,0.948,0.962,0.972,0.98,0.987
0.281,0.444,0.577,0.7,0.774,0.837,0.888,0.91,0.926,0.949,0.962,0.961,0.979,0.987,0.985
0.253,0.442,0.555,0.688,0.745,0.798,0.88,0.909,0.917,0.947,0.96,0.973,0.975,0.989,0.987
0.216,0.453,0.555,0.673,0.759,0.818,0.857,0.908,0.922,0.957,0.952,0.974,0.975,0.983,0.982
0.263,0.427,0.579,0.703,0.758,0.814,0.867,0.897,0.93,0.953,0.947,0.97,0.98,0.981,0.994
0.242,0.46,0.587,0.688,0.763,0.826,0.843,0.906,0.944,0.934,0.97,0.975,0.972,0.984,0.985
0.259,0.446,0.56,0.664,0.752,0.831,0.872,0.893,0.925,0.939,0.956,0.964,0.975,0.98,0.982
0.284,0.464,0.577,0.674,0.77,0.812,0.873,0.899,0.923,0.94,0.962,0.963,0.98,0.985,0.988
0.233,0.413,0.558,0.66,0.773,0.835,0.868,0.891,0.935,0.949,0.953,0.975,0.971,0.983,0.988
0.251,0.421,0.571,0.672,0.75,0.852,0.872,0.904,0.943,0.934,0.949,0.971,0.977,0.977,0.99
0.259,0.443,0.592,0.678,0.744,0.819,0.854,0.897,0.923,0.945,0.948,0.963,0.972,0.984,0.983
0.257,0.441,0.55,0.69,0.749,0.814,0.845,0.885,0.911,0.946,0.95,0.968,0.975,0.977,0.991
0.233,0.399,0.565,0.692,0.762,0.809,0.886,0.896,0.91,0.955,0.964,0.973,0.984,0.98,0.986
0.264,0.462,0.576,0.675,0.773,0.835,0.872,0.911,0.921,0.953,0.95,0.969,0.975,0.975,0.982
0.245,0.44,0.581,0.685,0.766,0.851,0.866,0.909,0.937,0.94,0.955,0.975,0.98,0.979,0.989
0.3,0.424,0.582,0.685,0.748,0.812,0.848,0.903,0.927,0.955,0.958,0.978,0.98,0.981,0.984
0.256,0.462,0.562,0.679,0.786,0.81,0.875,0.901,0.914,0.936,0.958,0.97,0.967,0.981,0.987
0.24,0.431,0.578,0.697,0.76,0.823,0.865,0.904,0.93,0.94,0.943,0.964,0.973,0.981,0.979
0.267,0.449,0.598,0.696,0.768,0.825,0.877,0.904,0.92,0.934,0.954,0.968,0.978,0.985,0.981
0.225,0.428,0.564,0.679,0.766,0.821,0.856,0.907,0.921,0.94,0.962,0.962,0.972,0.98,0.986
0.264,0.44,0.598,0.644,0.755,0.82,0.851,0.905,0.931,0.951,0.944,0.972,0.977,0.98,0.975
0.261,0.412,0.588,0.684,0.744,0.81,0.881,0.894,0.922,0.954,0.956,0.974,0.986,0.98,0.983
0.256,0.422,0.578,0.698,0.773,0.814,0.857,0.911,0.911,0.945,0.953,0.974,0.977,0.975,0.988
0.241,0.451,0.551,0.685,0.755,0.827,0.859,0.904,0.924,0.94,0.958,0.968,0.979,0.985,0.985
0.228,0.449,0.569,0.696,0.771,0.812,0.853,0.888,0.916,0.947,0.961,0.978,0.97,0.982,0.987
0.251,0.419,0.584,0.655,0.763,0.837,0.883,0.881,0.936,0.94,0.957,0.969,0.982,0.983,0.987
0.245,0.429,0.57,0.688,0.755,0.81,0.87,0.905,0.928,0.942,0.937,0.968,0.978,0.976,0.981
0.25,0.436,0.576,0.688,0.777,0.834,0.855,0.907,0.929,0.935,0.969,0.975,0.978,0.981,0.984
0.263,0.413,0.584,0.696,0.773,0.832,0.857,0.903,0.933,0.938,0.96,0.958,0.982,0.984,0.981
0.246,0.426,0.593,0.659,0.735,0.777,0.889,0.899,0.915,0.945,0.959,0.971,0.975,0.978,0.986
0.257,0.444,0.585,0.688,0.764,0.826,0.887,0.899,0.916,0.951,0.953,0.976,0.971,0.98,0.983
0.272,0.44,0.552,0.673,0.762,0.802,0.891,0.907,0.921,0.951,0.966,0.96,0.976,0.984,0.987
0.256,0.45,0.58,0.694,0.763,0.835,0.882,0.894,0.927,0.933,0.953,0.973,0.975,0.988,0.986
0.252,0.45,0.568,0.672,0.762,0.801,0.863,0.897,0.92,0.947,0.961,0.968,0.979,0.984,0.987
0.239,0.439,0.587,0.676,0.76,0.81,0.871,0.888,0.941,0.952,0.957,0.964,0.974,0.981,0.98
0.25,0.449,0.587,0.685,0.763,0.825,0.864,0.893,0.925,0.943,0.96,0.971,0.972,0.981,0.987
0.282,0.448,0.593,0.667,0.735,0.833,0.873,0.895,0.918,0.949,0.953,0.957,0.967,0.981,0.983
0.247,0.452,0.574,0.662,0.773,0.827,0.879,0.884,0.944,0.943,0.956,0.966,0.973,0.99,0.984
0.247,0.423,0.545,0.695,0.768,0.825,0.85,0.901,0.928,0.943,0.963,0.966,0.981,0.983,0.986
0.265,0.429,0.554,0.666,0.745,0.805,0.861,0.882,0.924,0.934,0.956,0.961,0.973,0.979,0.981
0.257,0.46,0.569,0.68,0.764,0.821,0.864,0.91,0.903,0.953,0.948,0.954,0.979,0.989,0.983
0.265,0.45,0.594,0.73,0.754,0.827,0.863,0.906,0.921,0.942,0.952,0.976,0.981,0.977,0.989
0.268,0.451,0.571,0.679,0.762,0.819,0.871,0.896,0.935,0.941,0.961,0.971,0.978,0.977,0.985
0.24,0.445,0.573,0.681,0.758,0.827,0.866,0.903,0.921,0.933,0.951,0.954,0.965,0.98,0.982
0.242,0.43,0.588,0.687,0.769,0.832,0.878,0.918,0.929,0.958,0.961,0.976,0.976,0.982,0.979
0.252,0.408,0.568,0.675,0.761,0.818,0.872,0.889,0.922,0.954,0.947,0.974,0.965,0.986,0.991
0.242,0.448,0.559,0.683,0.735,0.818,0.867,0.878,0.919,0.941,0.949,0.974,0.97,0.985,0.988
0.248,0.421,0.584,0.667,0.765,0.819,0.871,0.901,0.919,0.948,0.954,0.973,0.979,0.98,0.99
0.25,0.429,0.583,0.694,0.756,0.818,0.887,0.895,0.924,0.925,0.957,0.966,0.977,0.985,0.983
0.246,0.431,0.619,0.684,0.752,0.802,0.852,0.917,0.931,0.951,0.951,0.966,0.969,0.986,0.987
0.264,0.454,0.586,0.678,0.755,0.816,0.86,0.894,0.932,0.941,0.959,0.971,0.977,0.975,0.988
0.241,0.467,0.589,0.699,0.771,0.807,0.863,0.892,0.907,0.947,0.945,0.968,0.981,0.989,0.984
0.275,0.433,0.573,0.688,0.751,0.848,0.881,0.904,0.918,0.947,0.953,0.967,0.977,0.982,0.99
0.256,0.459,0.553,0.682,0.762,0.815,0.878,0.914,0.93,0.946,0.951,0.975,0.977,0.985,0.988
0.242,0.453,0.591,0.671,0.756,0.825,0.87,0.896,0.922,0.942,0.952,0.969,0.982,0.982,0.985
0.257,0.442,0.586,0.676,0.769,0.818,0.877,0.907,0.918,0.943,0.955,0.968,0.977,0.98,0.985
0.252,0.435,0.574,0.682,0.75,0.835,0.877,0.897,0.92,0.96,0.956,0.962,0.973,0.982,0.984
0.248,0.45,0.577,0.723,0.755,0.811,0.858,0.896,0.915,0.943,0.953,0.966,0.976,0.99,0.987
0.247,0.445,0.576,0.714,0.776,0.835,0.872,0.912,0.934,0.943,0.955,0.971,0.977,0.987,0.987
0.256,0.448,0.57,0.705,0.773,0.828,0.848,0.882,0.933,0.946,0.965,0.974,0.967,0.982,0.986
0.253,0.461,0.573,0.669,0.763,0.832,0.851,0.903,0.941,0.947,0.945,0.97,0.981,0.986,0.981
0.247,0.447,0.568,0.681,0.768,0.82,0.87,0.92,0.912,0.934,0.961,0.97,0.98,0.984,0.99
0.243,0.447,0.566,0.722,0.765,0.801,0.884,0.894,0.944,0.947,0.966,0.964,0.976,0.982,0.984
0.256,0.456,0.588,0.685,0.764,0.818,0.868,0.901,0.936,0.931,0.953,0.962,0.979,0.987,0.991
0.243,0.468,0.555,0.666,0.735,0.821,0.865,0.891,0.912,0.944,0.953,0.961,0.975,0.972,0.988
0.221,0.45,0.571,0.69,0.762,0.834,0.854,0.893,0.904,0.935,0.96,0.972,0.97,0.991,0.983
0.238,0.444,0.595,0.685,0.762,0.863,0.878,0.922,0.936,0.948,0.97,0.97,0.978,0.982,0.985
0.255,0.442,0.57,0.661,0.759,0.824,0.871,0.887,0.932,0.934,0.959,0.973,0.976,0.98,0.985
0.265,0.448,0.561,0.695,0.746,0.829,0.858,0.909,0.936,0.954,0.952,0.973,0.974,0.989,0.99
0.271,0.423,0.573,0.68,0.758,0.822,0.861,0.898,0.917,0.952,0.961,0.969,0.977,0.984,0.986
0.245,0.453,0.587,0.688,0.777,0.829,0.862,0.883,0.927,0.957,0.963,0.97,0.97,0.986,0.987
0.247,0.46,0.589,0.665,0.773,0.813,0.864,0.909,0.915,0.947,0.96,0.967,0.977,0.985,0.992
0.258,0.439,0.578,0.675,0.771,0.797,0.85,0.874,0.928,0.934,0.956,0.968,0.977,0.988,0.986
0.229,0.414,0.559,0.666,0.765,0.821,0.875,0.907,0.93,0.943,0.956,0.963,0.978,0.985,0.986
0.242,0.441,0.594,0.684,0.761,0.799,0.875,0.901,0.922,0.942,0.954,0.972,0.977,0.986,0.984
0.268,0.424,0.571,0.678,0.775,0.822,0.844,0.906,0.925,0.949,0.962,0.966,0.976,0.989,0.989
0.238,0.43,0.591,0.684,0.754,0.84,0.864,0.896,0.925,0.947,0.95,0.959,0.974,0.983,0.983
0.246,0.468,0.57,0.669,0.773,0.827,0.853,0.882,0.922,0.94,0.964,0.968,0.97,0.984,0.988
0.273,0.419,0.58,0.676,0.768,0.836,0.854,0.895,0.924,0.945,0.964,0.967,0.975,0.98,0.992
0.259,0.439,0.599,0.683,0.763,0.853,0.862,0.899,0.938,0.952,0.949,0.968,0.979,0.978,0.991
0.256,0.433,0.57,0.683,0.758,0.816,0.86,0.897,0.926,0.951,0.954,0.969,0.974,0.985,0.984
0.26,0.428,0.566,0.702,0.758,0.837,0.869,0.896,0.916,0.94,0.962,0.967,0.967,0.983,0.983
0.229,0.411,0.574,0.663,0.768,0.81,0.864,0.898,0.929,0.921,0.953,0.962,0.977,0.978,0.987
0.258,0.434,0.574,0.657,0.755,0.814,0.867,0.887,0.939,0.95,0.943,0.964,0.97,0.986,0.986
0.276,0.411,0.602,0.679,0.774,0.813,0.862,0.897,0.924,0.948,0.954,0.973,0.978,0.988,0.984
0.25,0.458,0.577,0.697,0.768,0.806,0.868,0.906,0.925,0.941,0.95,0.966,0.973,0.988,0.984
0.249,0.445,0.585,0.665,0.745,0.832,0.869,0.876,0.912,0.945,0.962,0.956,0.974,0.986,0.99
0.247,0.457,0.575,0.702,0.771,0.822,0.85,0.895,0.912,0.935,0.968,0.977,0.973,0.981,0.987
0.26,0.414,0.566,0.689,0.766,0.832,0.864,0.899,0.928,0.938,0.961,0.972,0.978,0.987,0.988
0.265,0.422,0.556,0.683,0.742,0.801,0.857,0.894,0.926,0.95,0.962,0.971,0.981,0.983,0.987
0.252,0.457,0.584,0.681,0.776,0.846,0.882,0.886,0.917,0.946,0.962,0.967,0.98,0.985,0.983
0.263,0.421,0.564,0.663,0.783,0.804,0.874,0.905,0.928,0.955,0.95,0.97,0.975,0.982,0.987
0.25,0.429,0.58,0.672,0.764,0.799,0.865,0.895,0.93,0.938,0.959,0.975,0.974,0.976,0.988
0.243,0.455,0.592,0.691,0.761,0.81,0.864,0.909,0.922,0.956,0.958,0.964,0.979,0.972,0.996
0.254,0.415,0.594,0.673,0.754,0.819,0.847,0.889,0.936,0.95,0.957,0.973,0.974,0.981,0.987
0.266,0.436,0.59,0.706,0.773,0.795,0.878,0.917,0.935,0.936,0.945,0.969,0.977,0.979,0.99
0.262,0.405,0.54,0.68,0.76,0.816,0.868,0.897,0.931,0.942,0.956,0.962,0.984,0.986,0.995
0.241,0.437,0.596,0.685,0.772,0.832,0.872,0.901,0.923,0.932,0.956,0.972,0.98,0.982,0.988
0.256,0.432,0.567,0.678,0.759,0.836,0.885,0.88,0.931,0.935,0.969,0.974,0.972,0.984,0.989
0.238,0.422,0.569,0.683,0.747,0.814,0.862,0.89,0.934,0.942,0.958,0.962,0.982,0.987,0.984
0.232,0.448,0.579,0.68,0.752,0.833,0.888,0.896,0.922,0.947,0.96,0.972,0.981,0.977,0.987
0.253,0.432,0.58,0.668,0.745,0.8,0.856,0.915,0.919,0.95,0.959,0.967,0.974,0.98,0.984
0.248,0.444,0.591,0.709,0.768,0.813,0.869,0.89,0.925,0.944,0.935,0.965,0.972,0.98,0.983
0.228,0.472,0.582,0.665,0.794,0.801,0.867,0.912,0.929,0.944,0.959,0.971,0.97,0.983,0.991
0.243,0.429,0.571,0.685,0.769,0.837,0.871,0.892,0.923,0.937,0.965,0.972,0.978,0.99,0.992
0.244,0.446,0.582,0.703,0.747,0.815,0.864,0.899,0.92,0.95,0.961,0.959,0.973,0.975,0.987
0.256,0.44,0.563,0.689,0.748,0.835,0.865,0.888,0.926,0.947,0.948,0.973,0.982,0.983,0.986
0.237,0.449,0.591,0.7,0.771,0.835,0.856,0.908,0.936,0.955,0.964,0.977,0.977,0.98,0.987
0.248,0.415,0.581,0.698,0.762,0.836,0.865,0.904,0.937,0.946,0.95,0.971,0.97,0.982,0.988
0.236,0.44,0.563,0.694,0.783,0.807,0.869,0.899,0.922,0.94,0.956,0.965,0.976,0.981,0.986
0.273,0.428,0.586,0.674,0.764,0.823,0.869,0.907,0.93,0.948,0.958,0.964,0.976,0.985,0.991
0.254,0.438,0.592,0.708,0.759,0.829,0.881,0.902,0.918,0.949,0.96,0.97,0.975,0.99,0.989
0.253,0.435,0.601,0.715,0.769,0.821,0.868,0.894,0.924,0.931,0.962,0.975,0.971,0.978,0.982
0.257,0.425,0.582,0.687,0.777,0.839,0.864,0.895,0.92,0.93,0.953,0.963,0.967,0.985,0.982
0.236,0.42,0.574,0.681,0.752,0.823,0.861,0.904,0.923,0.949,0.96,0.977,0.982,0.978,0.987
0.244,0.429,0.576,0.722,0.777,0.819,0.86,0.892,0.929,0.948,0.951,0.971,0.975,0.981,0.983
0.268,0.465,0.572,0.669,0.762,0.801,0.88,0.898,0.911,0.938,0.942,0.972,0.981,0.977,0.982
0.241,0.474,0.58,0.671,0.761,0.825,0.878,0.909,0.927,0.946,0.958,0.972,0.978,0.986,0.99
0.235,0.464,0.577,0.685,0.758,0.821,0.862,0.901,0.921,0.943,0.966,0.974,0.97,0.987,0.983
0.214,0.446,0.579,0.675,0.774,0.811,0.852,0.896,0.925,0.938,0.95,0.972,0.988,0.984,0.983
0.247,0.452,0.583,0.684,0.76,0.831,0.867,0.905,0.931,0.945,0.947,0.971,0.971,0.986,0.978
0.231,0.45,0.578,0.729,0.766,0.831,0.863,0.892,0.932,0.951,0.968,0.971,0.979,0.979,0.987
0.261,0.441,0.562,0.689,0.757,0.808,0.862,0.889,0.923,0.94,0.964,0.974,0.982,0.983,0.991
0.256,0.421,0.605,0.662,0.76,0.806,0.876,0.897,0.907,0.949,0.95,0.965,0.984,0.984,0.984
0.263,0.457,0.559,0.691,0.784,0.832,0.849,0.907,0.922,0.939,0.957,0.962,0.978,0.979,0.989
0.247,0.451,0.59,0.656,0.751,0.807,0.856,0.907,0.932,0.937,0.965,0.97,0.975,0.979,0.987
0.263,0.454,0.577,0.703,0.748,0.82,0.88,0.91,0.923,0.943,0.966,0.971,0.98,0.988,0.986
0.245,0.435,0.573,0.653,0.762,0.837,0.845,0.914,0.927,0.935,0.955,0.961,0.982,0.982,0.993
0.261,0.444,0.585,0.675,0.775,0.82,0.879,0.888,0.918,0.95,0.946,0.97,0.982,0.983,0.986
0.262,0.44,0.573,0.66,0.779,0.817,0.841,0.899,0.93,0.943,0.952,0.966,0.974,0.98,0.988
0.254,0.419,0.561,0.677,0.775,0.833,0.867,0.894,0.921,0.934,0.96,0.965,0.982,0.986,0.983
0.241,0.426,0.589,0.672,0.782,0.848,0.866,0.914,0.933,0.941,0.954,0.973,0.975,0.992,0.99
0.272,0.482,0.577,0.684,0.761,0.824,0.873,0.905,0.921,0.952,0.946,0.972,0.973,0.985,0.986
0.237,0.452,0.577,0.72,0.759,0.802,0.868,0.9,0.918,0.95,0.961,0.967,0.978,0.974,0.979
0.271,0.455,0.601,0.675,0.755,0.822,0.853,0.909,0.923,0.95,0.954,0.967,0.973,0.982,0.987
0.263,0.459,0.584,0.682,0.757,0.812,0.87,0.908,0.929,0.956,0.953,0.962,0.973,0.984,0.988
0.249,0.447,0.581,0.677,0.771,0.807,0.861,0.9,0.925,0.935,0.956,0.968,0.976,0.978,0.983
0.255,0.421,0.569,0.701,0.744,0.818,0.871,0.91,0.918,0.937,0.957,0.973,0.975,0.981,0.978
0.257,0.419,0.578,0.652,0.741,0.827,0.873,0.893,0.918,0.943,0.962,0.974,0.974,0.983,0.993
0.243,0.411,0.582,0.669,0.749,0.826,0.853,0.883,0.911,0.946,0.954,0.966,0.973,0.974,0.988
0.231,0.438,0.596,0.673,0.784,0.818,0.862,0.912,0.926,0.943,0.953,0.964,0.967,0.981,0.991
0.277,0.4,0.575,0.669,0.763,0.836,0.859,0.885,0.919,0.956,0.95,0.97,0.975,0.98,0.99
0.24,0.443,0.594,0.7,0.743,0.849,0.871,0.909,0.919,0.944,0.963,0.973,0.982,0.985,0.988
0.261,0.467,0.591,0.686,0.76,0.819,0.842,0.897,0.931,0.942,0.959,0.959,0.981,0.989,0.99
0.253,0.452,0.584,0.693,0.767,0.816,0.867,0.913,0.928,0.946,0.962,0.963,0.972,0.985,0.991
0.227,0.419,0.581,0.662,0.764,0.826,0.864,0.903,0.922,0.96,0.95,0.962,0.975,0.981,0.987
0.26,0.439,0.583,0.67,0.775,0.811,0.86,0.907,0.917,0.94,0.97,0.97,0.978,0.977,0.982
0.273,0.419,0.608,0.692,0.769,0.839,0.86,0.891,0.912,0.939,0.967,0.968,0.971,0.987,0.984
0.252,0.439,0.574,0.661,0.754,0.8,0.866,0.913,0.92,0.951,0.96,0.973,0.97,0.981,0.98
0.238,0.434,0.576,0.659,0.758,0.815,0.836,0.895,0.915,0.95,0.964,0.971,0.97,0.982,0.981
0.248,0.46,0.557,0.698,0.737,0.842,0.857,0.905,0.923,0.94,0.966,0.974,0.979,0.975,0.99
0.258,0.429,0.579,0.652,0.745,0.825,0.86,0.903,0.93,0.948,0.952,0.976,0.976,0.975,0.984
0.255,0.45,0.566,0.7,0.767,0.811,0.877,0.899,0.93,0.945,0.956,0.968,0.978,0.979,0.985
0.242,0.44,0.561,0.684,0.754,0.82,0.866,0.896,0.917,0.943,0.951,0.974,0.981,0.982,0.984
0.228,0.429,0.562,0.683,0.755,0.819,0.864,0.885,0.918,0.939,0.946,0.967,0.975,0.982,0.984
0.272,0.412,0.566,0.688,0.76,0.841,0.879,0.893,0.93,0.943,0.96,0.974,0.974,0.984,0.986
0.249,0.419,0.598,0.684,0.768,0.828,0.852,0.908,0.921,0.95,0.945,0.971,0.985,0.983,0.987
0.231,0.422,0.536,0.67,0.744,0.824,0.861,0.895,0.91,0.949,0.965,0.972,0.978,0.979,0.987
0.26,0.457,0.581,0.669,0.736,0.825,0.871,0.893,0.917,0.941,0.962,0.968,0.974,0.984,0.987
0.246,0.431,0.572,0.705,0.757,0.808,0.866,0.881,0.908,0.947,0.954,0.955,0.977,0.976,0.983
0.258,0.433,0.562,0.672,0.766,0.833,0.868,0.871,0.926,0.948,0.956,0.963,0.98,0.987,0.987
0.254,0.404,0.559,0.656,0.765,0.816,0.868,0.924,0.92,0.946,0.955,0.96,0.973,0.985,0.986
0.241,0.438,0.563,0.662,0.754,0.811,0.874,0.923,0.934,0.945,0.949,0.968,0.979,0.979,0.99
0.266,0.437,0.59,0.686,0.77,0.819,0.86,0.898,0.931,0.956,0.972,0.967,0.98,0.98,0.989
0.252,0.44,0.57,0.686,0.756,0.811,0.874,0.902,0.922,0.953,0.962,0.967,0.969,0.982,0.986
0.257,0.422,0.572,0.684,0.782,0.813,0.873,0.912,0.915,0.957,0.95,0.966,0.973,0.983,0.985
0.25,0.42,0.555,0.667,0.791,0.819,0.865,0.911,0.933,0.945,0.961,0.957,0.977,0.985,0.984
0.266,0.44,0.587,0.692,0.77,0.82,0.875,0.904,0.947,0.948,0.963,0.969,0.974,0.98,0.987
0.253,0.43,0.594,0.701,0.762,0.823,0.867,0.904,0.928,0.967,0.954,0.973,0.975,0.983,0.992
0.257,0.44,0.59,0.688,0.777,0.824,0.887,0.896,0.937,0.946,0.953,0.974,0.973,0.981,0.989
0.277,0.424,0.569,0.685,0.765,0.832,0.861,0.914,0.921,0.948,0.966,0.968,0.978,0.989,0.988
0.261,0.424,0.586,0.688,0.763,0.846,0.867,0.894,0.917,0.944,0.942,0.968,0.978,0.981,0.985
0.269,0.454,0.587,0.705,0.761,0.828,0.873,0.893,0.91,0.947,0.962,0.977,0.972,0.981,0.991
0.256,0.446,0.558,0.693,0.732,0.812,0.878,0.878,0.928,0.95,0.953,0.979,0.977,0.989,0.991
0.238,0.471,0.578,0.691,0.752,0.82,0.876,0.918,0.928,0.945,0.967,0.971,0.98,0.979,0.992
0.259,0.421,0.573,0.682,0.763,0.81,0.865,0.883,0.93,0.942,0.963,0.955,0.974,0.988,0.99
0.232,0.43,0.561,0.705,0.761,0.815,0.873,0.911,0.926,0.945,0.954,0.968,0.979,0.985,0.985
0.231,0.457,0.572,0.688,0.736,0.827,0.874,0.907,0.923,0.931,0.958,0.964,0.982,0.98,0.981
0.284,0.409,0.564,0.692,0.746,0.825,0.886,0.892,0.929,0.948,0.963,0.971,0.974,0.975,0.985
0.249,0.458,0.582,0.669,0.758,0.832,0.862,0.916,0.93,0.948,0.957,0.962,0.981,0.985,0.989
0.24,0.464,0.588,0.673,0.783,0.817,0.864,0.908,0.93,0.929,0.955,0.979,0.977,0.987,0.987
0.226,0.433,0.586,0.675,0.776,0.856,0.875,0.901,0.927,0.955,0.959,0.958,0.971,0.983,0.991
0.255,0.417,0.569,0.676,0.765,0.813,0.867,0.918,0.937,0.944,0.952,0.968,0.975,0.98,0.991
0.271,0.417,0.56,0.702,0.757,0.832,0.866,0.908,0.934,0.954,0.962,0.978,0.979,0.987,0.987
0.271,0.444,0.559,0.684,0.765,0.817,0.851,0.898,0.909,0.958,0.957,0.969,0.97,0.99,0.991
0.233,0.441,0.558,0.699,0.774,0.83,0.882,0.911,0.923,0.949,0.959,0.965,0.98,0.981,0.987
0.232,0.45,0.572,0.695,0.759,0.835,0.883,0.898,0.917,0.953,0.967,0.967,0.976,0.982,0.984
0.237,0.433,0.577,0.671,0.762,0.828,0.852,0.914,0.923,0.936,0.961,0.966,0.977,0.987,0.989
0.244,0.446,0.573,0.681,0.767,0.807,0.87,0.902,0.938,0.935,0.966,0.971,0.969,0.988,0.994
0.254,0.465,0.58,0.678,0.766,0.821,0.863,0.904,0.917,0.939,0.959,0.973,0.975,0.979,0.989
0.25,0.45,0.576,0.7,0.759,0.827,0.871,0.895,0.918,0.942,0.967,0.967,0.982,0.982,0.987
0.243,0.469,0.566,0.701,0.748,0.814,0.866,0.891,0.917,0.934,0.952,0.967,0.978,0.976,0.987
0.261,0.425,0.577,0.696,0.753,0.83,0.878,0.9,0.92,0.937,0.959,0.963,0.983,0.986,0.98
0.239,0.428,0.589,0.692,0.759,0.83,0.866,0.9,0.918,0.953,0.963,0.98,0.971,0.982,0.986
0.246,0.47,0.593,0.697,0.743,0.824,0.863,0.896,0.93,0.955,0.969,0.968,0.972,0.986,0.989
0.244,0.454,0.571,0.671,0.753,0.825,0.876,0.912,0.93,0.941,0.962,0.97,0.975,0.978,0.987
0.247,0.437,0.59,0.679,0.772,0.824,0.869,0.911,0.92,0.949,0.962,0.961,0.982,0.977,0.986
0.28,0.445,0.588,0.689,0.772,0.825,0.863,0.889,0.928,0.945,0.96,0.968,0.973,0.977,0.991
0.263,0.414,0.557,0.711,0.77,0.807,0.846,0.886,0.928,0.944,0.963,0.966,0.986,0.98,0.987
0.244,0.435,0.585,0.682,0.749,0.833,0.865,0.89,0.926,0.929,0.952,0.962,0.973,0.971,0.982
0.25,0.442,0.587,0.697,0.774,0.803,0.854,0.901,0.932,0.955,0.961,0.978,0.981,0.985,0.994
0.271,0.448,0.601,0.711,0.787,0.802,0.857,0.908,0.926,0.942,0.96,0.973,0.972,0.987,0.984
0.241,0.436,0.59,0.667,0.781,0.823,0.861,0.902,0.921,0.927,0.951,0.974,0.984,0.978,0.985
0.252,0.45,0.562,0.688,0.762,0.829,0.877,0.897,0.941,0.936,0.965,0.969,0.972,0.983,0.99
0.27,0.429,0.586,0.705,0.746,0.827,0.859,0.916,0.923,0.951,0.951,0.965,0.982,0.984,0.985
0.233,0.443,0.597,0.662,0.749,0.807,0.87,0.91,0.94,0.94,0.957,0.979,0.973,0.984,0.991
0.245,0.421,0.555,0.692,0.767,0.82,0.865,0.904,0.942,0.937,0.952,0.972,0.975,0.983,0.992
0.236,0.442,0.559,0.699,0.764,0.822,0.879,0.906,0.939,0.945,0.956,0.974,0.981,0.988,0.993
0.246,0.433,0.576,0.666,0.77,0.822,0.87,0.888,0.943,0.948,0.949,0.97,0.975,0.979,0.982
0.247,0.426,0.584,0.676,0.779,0.813,0.868,0.915,0.924,0.931,0.95,0.971,0.974,0.983,0.989
0.273,0.435,0.591,0.69,0.77,0.841,0.887,0.898,0.93,0.946,0.956,0.964,0.975,0.984,0.99
0.223,0.443,0.579,0.684,0.766,0.84,0.869,0.903,0.928,0.95,0.958,0.972,0.973,0.985,0.99
0.226,0.412,0.571,0.667,0.788,0.83,0.874,0.904,0.924,0.942,0.955,0.965,0.967,0.981,0.986
0.24,0.444,0.582,0.696,0.764,0.801,0.866,0.887,0.938,0.944,0.953,0.968,0.981,0.982,0.987
0.216,0.44,0.603,0.686,0.764,0.815,0.863,0.884,0.935,0.947,0.956,0.965,0.97,0.982,0.995
0.257,0.429,0.574,0.691,0.763,0.798,0.857,0.897,0.915,0.945,0.961,0.969,0.985,0.986,0.991
0.244,0.427,0.547,0.684,0.775,0.825,0.873,0.894,0.909,0.95,0.958,0.973,0.979,0.986,0.986
0.237,0.444,0.554,0.675,0.751,0.829,0.867,0.906,0.941,0.941,0.957,0.964,0.979,0.986,0.993
0.251,0.437,0.556,0.67,0.772,0.818,0.85,0.885,0.926,0.942,0.954,0.963,0.979,0.98,0.987
0.258,0.423,0.59,0.7,0.723,0.792,0.875,0.895,0.928,0.945,0.95,0.964,0.974,0.977,0.99
0.252,0.448,0.574,0.674,0.757,0.818,0.856,0.912,0.907,0.945,0.952,0.967,0.973,0.983,0.983
0.255,0.474,0.579,0.689,0.778,0.829,0.875,0.915,0.919,0.945,0.949,0.968,0.974,0.982,0.983
0.252,0.418,0.558,0.677,0.764,0.799,0.886,0.888,0.911,0.929,0.97,0.972,0.97,0.98,0.987
0.259,0.457,0.577,0.681,0.778,0.825,0.859,0.907,0.924,0.953,0.97,0.966,0.978,0.988,0.988
0.245,0.45,0.599,0.711,0.765,0.84,0.871,0.899,0.933,0.937,0.953,0.973,0.983,0.983,0.989
0.209,0.44,0.572,0.665,0.749,0.828,0.866,0.9,0.915,0.944,0.963,0.967,0.976,0.988,0.982
0.257,0.45,0.584,0.691,0.747,0.83,0.863,0.904,0.933,0.945,0.96,0.98,0.978,0.983,0.991
0.255,0.447,0.615,0.674,0.757,0.808,0.875,0.896,0.922,0.931,0.957,0.971,0.974,0.981,0.988
0.25,0.41,0.568,0.668,0.766,0.804,0.86,0.905,0.916,0.942,0.967,0.962,0.976,0.982,0.998
0.234,0.416,0.599,0.672,0.767,0.827,0.868,0.895,0.916,0.938,0.945,0.972,0.963,0.984,0.985
0.244,0.438,0.582,0.708,0.748,0.811,0.861,0.897,0.917,0.945,0.966,0.974,0.982,0.985,0.987
0.228,0.43,0.587,0.679,0.764,0.833,0.867,0.908,0.932,0.942,0.961,0.969,0.979,0.989,0.989
0.239,0.444,0.566,0.671,0.759,0.801,0.844,0.904,0.927,0.952,0.959,0.969,0.978,0.993,0.988
0.252,0.437,0.59,0.686,0.769,0.803,0.847,0.9,0.916,0.948,0.959,0.979,0.97,0.978,0.991
0.243,0.442,0.596,0.683,0.752,0.808,0.875,0.895,0.919,0.949,0.955,0.975,0.971,0.978,0.983
0.242,0.437,0.584,0.702,0.753,0.804,0.864,0.877,0.918,0.936,0.95,0.961,0.976,0.981,0.986
0.269,0.424,0.606,0.693,0.782,0.837,0.858,0.914,0.914,0.936,0.95,0.971,0.983,0.987,0.985
0.268,0.44,0.556,0.696,0.785,0.81,0.868,0.9,0.935,0.942,0.957,0.968,0.971,0.988,0.986
0.252,0.452,0.586,0.689,0.76,0.828,0.866,0.903,0.925,0.948,0.961,0.973,0.976,0.979,0.985
0.235,0.424,0.593,0.661,0.75,0.82,0.857,0.889,0.924,0.945,0.957,0.971,0.979,0.976,0.985
0.242,0.474,0.562,0.71,0.753,0.809,0.846,0.894,0.929,0.935,0.961,0.973,0.973,0.982,0.991
0.247,0.459,0.559,0.67,0.777,0.818,0.858,0.912,0.92,0.95,0.954,0.973,0.979,0.981,0.976
0.248,0.445,0.574,0.716,0.725,0.817,0.865,0.92,0.933,0.942,0.952,0.968,0.987,0.981,0.989
0.261,0.423,0.594,0.671,0.774,0.79,0.863,0.901,0.927,0.95,0.964,0.971,0.976,0.981,0.987
0.247,0.415,0.55,0.696,0.787,0.817,0.861,0.889,0.932,0.949,0.958,0.974,0.977,0.986,0.983
0.241,0.44,0.579,0.68,0.779,0.808,0.879,0.904,0.921,0.95,0.957,0.981,0.968,0.985,0.979
0.257,0.425,0.617,0.668,0.759,0.804,0.851,0.915,0.918,0.946,0.949,0.974,0.979,0.981,0.98
0.244,0.425,0.591,0.661,0.754,0.812,0.859,0.896,0.927,0.942,0.949,0.967,0.979,0.983,0.987
0.209,0.426,0.567,0.674,0.76,0.839,0.851,0.894,0.919,0.954,0.965,0.978,0.97,0.977,0.982
0.233,0.402,0.59,0.706,0.776,0.82,0.862,0.894,0.91,0.941,0.954,0.975,0.982,0.979,0.989
0.248,0.455,0.595,0.685,0.743,0.827,0.875,0.902,0.934,0.945,0.952,0.979,0.979,0.973,0.986
0.239,0.407,0.568,0.679,0.759,0.837,0.879,0.903,0.932,0.93,0.964,0.968,0.982,0.983,0.988
0.229,0.443,0.574,0.654,0.746,0.831,0.866,0.901,0.944,0.956,0.956,0.973,0.973,0.984,0.979
0.252,0.434,0.588,0.688,0.759,0.833,0.87,0.888,0.919,0.949,0.96,0.976,0.973,0.975,0.993
0.246,0.456,0.563,0.692,0.749,0.822,0.868,0.905,0.932,0.941,0.954,0.968,0.976,0.982,0.99
0.283,0.428,0.614,0.703,0.753,0.836,0.86,0.913,0.917,0.942,0.959,0.966,0.97,0.977,0.986
0.237,0.449,0.589,0.697,0.75,0.818,0.873,0.897,0.931,0.941,0.957,0.97,0.969,0.981,0.991
0.238,0.449,0.565,0.689,0.753,0.832,0.873,0.904,0.933,0.962,0.957,0.958,0.984,0.98,0.988
0.246,0.422,0.579,0.684,0.775,0.823,0.854,0.888,0.922,0.953,0.96,0.97,0.981,0.979,0.985
0.255,0.441,0.561,0.676,0.761,0.818,0.879,0.904,0.908,0.936,0.96,0.962,0.972,0.981,0.98
0.253,0.418,0.587,0.663,0.765,0.803,0.877,0.899,0.937,0.944,0.959,0.963,0.974,0.981,0.986
0.24,0.439,0.55,0.689,0.757,0.818,0.845,0.907,0.919,0.95,0.957,0.98,0.974,0.985,0.986
0.259,0.439,0.571,0.691,0.758,0.815,0.876,0.9,0.928,0.945,0.961,0.968,0.973,0.986,0.988
0.268,0.416,0.556,0.697,0.774,0.841,0.879,0.903,0.949,0.935,0.964,0.974,0.976,0.984,0.988
0.247,0.422,0.591,0.68,0.749,0.812,0.892,0.91,0.917,0.947,0.961,0.959,0.975,0.982,0.987
0.25,0.421,0.593,0.664,0.766,0.817,0.865,0.894,0.925,0.947,0.96,0.969,0.976,0.984,0.982
0.262,0.475,0.57,0.687,0.754,0.801,0.866,0.903,0.923,0.963,0.949,0.97,0.977,0.985,0.982
0.253,0.449,0.59,0.681,0.758,0.821,0.88,0.9,0.924,0.944,0.948,0.967,0.978,0.986,0.984
0.24,0.438,0.564,0.708,0.775,0.833,0.878,0.887,0.932,0.937,0.964,0.963,0.977,0.977,0.984
0.264,0.461,0.588,0.686,0.794,0.814,0.876,0.896,0.935,0.938,0.95,0.964,0.976,0.985,0.991
0.232,0.427,0.586,0.68,0.769,0.831,0.87,0.899,0.921,0.944,0.954,0.966,0.978,0.981,0.98
0.239,0.437,0.575,0.678,0.754,0.833,0.873,0.887,0.92,0.955,0.954,0.969,0.972,0.982,0.988
0.232,0.429,0.593,0.68,0.746,0.806,0.871,0.907,0.923,0.942,0.956,0.953,0.968,0.992,0.985
0.261,0.449,0.581,0.686,0.757,0.839,0.868,0.918,0.919,0.937,0.95,0.976,0.975,0.98,0.987
0.24,0.458,0.585,0.689,0.765,0.827,0.872,0.88,0.925,0.949,0.961,0.966,0.982,0.984,0.988
0.262,0.438,0.599,0.689,0.734,0.823,0.849,0.913,0.921,0.955,0.956,0.964,0.977,0.981,0.985
0.233,0.441,0.596,0.683,0.764,0.802,0.852,0.913,0.927,0.945,0.954,0.971,0.98,0.976,0.989
0.252,0.398,0.585,0.685,0.752,0.846,0.885,0.888,0.917,0.952,0.952,0.958,0.971,0.979,0.986
0.269,0.443,0.569,0.704,0.776,0.841,0.878,0.89,0.92,0.939,0.957,0.972,0.988,0.982,0.988
0.251,0.437,0.578,0.714,0.783,0.82,0.872,0.886,0.925,0.938,0.95,0.967,0.976,0.985,0.989
0.228,0.453,0.587,0.682,0.787,0.835,0.86,0.911,0.928,0.942,0.964,0.965,0.979,0.982,0.988
0.229,0.431,0.574,0.689,0.767,0.83,0.879,0.909,0.925,0.937,0.964,0.967,0.982,0.983,0.987
0.273,0.426,0.55,0.676,0.763,0.824,0.851,0.898,0.92,0.952,0.952,0.969,0.982,0.977,0.984
0.266,0.453,0.596,0.672,0.751,0.83,0.87,0.915,0.933,0.95,0.967,0.967,0.975,0.977,0.986
0.256,0.441,0.587,0.704,0.765,0.833,0.858,0.904,0.93,0.94,0.97,0.97,0.974,0.988,0.988
0.238,0.447,0.559,0.706,0.759,0.82,0.878,0.895,0.923,0.935,0.957,0.973,0.975,0.985,0.986
0.273,0.428,0.553,0.67,0.776,0.822,0.858,0.907,0.932,0.943,0.956,0.969,0.978,0.975,0.988
0.256,0.452,0.594,0.656,0.761,0.832,0.865,0.895,0.928,0.946,0.954,0.966,0.969,0.983,0.984
0.238,0.453,0.583,0.688,0.768,0.833,0.881,0.901,0.938,0.939,0.956,0.955,0.982,0.987,0.986
0.261,0.414,0.585,0.677,0.764,0.841,0.871,0.911,0.912,0.947,0.965,0.966,0.977,0.992,0.98
0.25,0.423,0.565,0.688,0.773,0.835,0.867,0.907,0.928,0.941,0.953,0.978,0.973,0.977,0.977
0.26,0.442,0.573,0.689,0.742,0.83,0.865,0.894,0.911,0.95,0.948,0.968,0.977,0.971,0.98
0.24,0.47,0.583,0.699,0.794,0.813,0.871,0.903,0.931,0.95,0.951,0.969,0.971,0.986,0.986
0.257,0.444,0.608,0.684,0.755,0.833,0.872,0.902,0.897,0.937,0.958,0.964,0.976,0.987,0.99
0.229,0.458,0.576,0.68,0.738,0.801,0.873,0.891,0.922,0.942,0.96,0.972,0.98,0.979,0.985
0.246,0.425,0.584,0.706,0.781,0.838,0.874,0.878,0.929,0.943,0.95,0.977,0.977,0.982,0.994
0.247,0.422,0.57,0.643,0.775,0.815,0.869,0.915,0.913,0.951,0.933,0.968,0.987,0.973,0.987
0.252,0.441,0.57,0.701,0.762,0.825,0.856,0.902,0.931,0.947,0.96,0.964,0.977,0.976,0.982
0.263,0.437,0.562,0.686,0.767,0.793,0.859,0.884,0.922,0.936,0.965,0.96,0.967,0.985,0.987
0.264,0.453,0.574,0.711,0.774,0.836,0.867,0.917,0.93,0.941,0.952,0.969,0.978,0.984,0.994
0.228,0.437,0.592,0.68,0.746,0.797,0.86,0.896,0.919,0.933,0.963,0.973,0.972,0.985,0.992
0.236,0.423,0.578,0.681,0.755,0.828,0.872,0.896,0.928,0.957,0.96,0.966,0.97,0.977,0.989
0.239,0.435,0.565,0.685,0.74,0.805,0.865,0.894,0.916,0.945,0.953,0.974,0.964,0.991,0.989
0.24,0.414,0.564,0.672,0.755,0.819,0.867,0.894,0.915,0.945,0.951,0.973,0.978,0.973,0.981
0.243,0.449,0.581,0.668,0.766,0.809,0.862,0.899,0.928,0.95,0.954,0.97,0.977,0.988,0.983
0.244,0.477,0.583,0.681,0.74,0.817,0.885,0.917,0.941,0.94,0.952,0.971,0.971,0.983,0.986
0.254,0.45,0.58,0.671,0.754,0.85,0.893,0.895,0.919,0.946,0.971,0.956,0.97,0.976,0.984
0.229,0.439,0.587,0.669,0.76,0.821,0.867,0.9,0.938,0.942,0.964,0.964,0.979,0.981,0.994
0.244,0.424,0.578,0.687,0.779,0.819,0.874,0.888,0.926,0.941,0.954,0.963,0.978,0.983,0.983
0.283,0.464,0.569,0.695,0.773,0.809,0.859,0.9,0.925,0.932,0.947,0.971,0.974,0.983,0.983
0.25,0.444,0.578,0.686,0.754,0.81,0.883,0.911,0.919,0.937,0.97,0.975,0.98,0.983,0.98
0.265,0.426,0.571,0.667,0.757,0.835,0.847,0.934,0.939,0.946,0.959,0.974,0.977,0.975,0.986
0.231,0.446,0.574,0.663,0.763,0.815,0.86,0.911,0.921,0.933,0.953,0.965,0.973,0.976,0.988
0.241,0.445,0.56,0.696,0.765,0.802,0.853,0.912,0.939,0.945,0.968,0.967,0.979,0.979,0.993
0.243,0.435,0.557,0.672,0.755,0.828,0.868,0.909,0.924,0.948,0.959,0.973,0.986,0.985,0.989
0.255,0.457,0.606,0.684,0.756,0.832,0.863,0.905,0.931,0.958,0.961,0.97,0.978,0.979,0.985
0.264,0.437,0.565,0.68,0.767,0.837,0.848,0.905,0.918,0.939,0.96,0.96,0.979,0.988,0.985
0.247,0.448,0.58,0.679,0.78,0.848,0.878,0.909,0.923,0.952,0.968,0.957,0.972,0.989,0.991
0.249,0.423,0.589,0.66,0.761,0.806,0.867,0.91,0.911,0.946,0.966,0.97,0.975,0.981,0.983
0.251,0.429,0.572,0.67,0.747,0.827,0.853,0.903,0.919,0.943,0.944,0.97,0.972,0.985,0.976
0.257,0.458,0.572,0.692,0.761,0.829,0.869,0.898,0.932,0.938,0.959,0.956,0.979,0.976,0.981
0.227,0.432,0.575,0.685,0.757,0.823,0.868,0.901,0.93,0.944,0.966,0.98,0.98,0.977,0.983
0.26,0.456,0.607,0.667,0.758,0.816,0.874,0.896,0.921,0.942,0.959,0.97,0.978,0.982,0.989
0.278,0.42,0.592,0.668,0.762,0.819,0.852,0.895,0.933,0.947,0.954,0.966,0.975,0.986,0.982
0.226,0.434,0.594,0.686,0.75,0.813,0.836,0.906,0.923,0.931,0.962,0.972,0.982,0.975,0.978
0.228,0.444,0.56,0.7,0.731,0.831,0.868,0.895,0.924,0.953,0.954,0.959,0.983,0.984,0.991
0.244,0.438,0.557,0.705,0.779,0.843,0.865,0.894,0.93,0.947,0.966,0.967,0.983,0.982,0.992
0.295,0.466,0.602,0.677,0.755,0.831,0.862,0.905,0.924,0.936,0.958,0.973,0.977,0.99,0.99
0.259,0.408,0.572,0.683,0.763,0.83,0.868,0.91,0.927,0.941,0.95,0.97,0.975,0.982,0.984
0.225,0.435,0.572,0.682,0.756,0.82,0.86,0.919,0.929,0.926,0.963,0.963,0.979,0.977,0.993
0.22,0.458,0.622,0.699,0.782,0.841,0.871,0.895,0.928,0.94,0.964,0.977,0.972,0.98,0.984
0.284,0.429,0.592,0.678,0.755,0.821,0.861,0.894,0.921,0.954,0.968,0.969,0.971,0.976,0.985
0.254,0.45,0.578,0.717,0.777,0.818,0.869,0.905,0.929,0.958,0.957,0.973,0.985,0.975,0.988
0.254,0.462,0.556,0.689,0.749,0.82,0.857,0.901,0.918,0.937,0.964,0.969,0.977,0.983,0.989
0.248,0.46,0.564,0.648,0.784,0.8,0.868,0.905,0.912,0.935,0.953,0.981,0.973,0.98,0.984
0.255,0.442,0.576,0.674,0.779,0.812,0.863,0.897,0.92,0.944,0.959,0.972,0.979,0.988,0.99
0.263,0.43,0.581,0.68,0.757,0.815,0.859,0.893,0.924,0.95,0.956,0.976,0.976,0.981,0.992
0.261,0.449,0.6,0.704,0.771,0.809,0.87,0.898,0.91,0.949,0.96,0.966,0.97,0.983,0.986
0.239,0.442,0.592,0.696,0.789,0.822,0.86,0.886,0.921,0.949,0.945,0.962,0.981,0.972,0.986
0.26,0.43,0.547,0.689,0.783,0.819,0.866,0.898,0.934,0.943,0.961,0.969,0.98,0.981,0.989
0.237,0.438,0.572,0.678,0.78,0.833,0.872,0.902,0.917,0.953,0.962,0.978,0.979,0.985,0.996
0.232,0.448,0.561,0.69,0.773,0.827,0.854,0.889,0.924,0.952,0.954,0.969,0.975,0.99,0.983
0.236,0.428,0.58,0.677,0.786,0.831,0.873,0.911,0.904,0.934,0.964,0.966,0.982,0.988,0.98
0.234,0.457,0.601,0.705,0.743,0.816,0.867,0.909,0.923,0.945,0.973,0.969,0.977,0.985,0.985
0.257,0.423,0.604,0.685,0.761,0.809,0.857,0.907,0.925,0.949,0.952,0.972,0.983,0.988,0.99
0.263,0.433,0.576,0.652,0.763,0.842,0.863,0.906,0.938,0.95,0.964,0.969,0.965,0.984,0.982
0.262,0.429,0.574,0.69,0.754,0.819,0.883,0.905,0.935,0.945,0.966,0.967,0.977,0.987,0.988
0.229,0.439,0.574,0.686,0.779,0.811,0.86,0.905,0.927,0.936,0.961,0.964,0.97,0.981,0.987
0.242,0.452,0.572,0.713,0.796,0.818,0.889,0.914,0.92,0.935,0.961,0.968,0.98,0.979,0.987
0.276,0.452,0.609,0.663,0.752,0.821,0.873,0.911,0.928,0.94,0.962,0.975,0.981,0.983,0.98
0.247,0.442,0.579,0.696,0.759,0.824,0.893,0.893,0.941,0.954,0.964,0.967,0.981,0.985,0.985
0.263,0.44,0.594,0.669,0.749,0.827,0.875,0.909,0.94,0.932,0.959,0.963,0.973,0.982,0.992
0.24,0.427,0.567,0.67,0.783,0.808,0.864,0.911,0.937,0.944,0.96,0.975,0.969,0.985,0.982
0.259,0.462,0.586,0.694,0.752,0.84,0.869,0.897,0.932,0.946,0.949,0.974,0.979,0.981,0.988
0.234,0.438,0.585,0.673,0.752,0.825,0.869,0.896,0.921,0.94,0.961,0.974,0.98,0.981,0.992
0.248,0.451,0.608,0.691,0.766,0.832,0.864,0.892,0.915,0.941,0.968,0.967,0.98,0.981,0.988
0.259,0.434,0.573,0.686,0.749,0.829,0.874,0.916,0.936,0.944,0.965,0.977,0.966,0.979,0.991
0.229,0.43,0.579,0.657,0.759,0.833,0.864,0.896,0.94,0.95,0.96,0.95,0.982,0.987,0.984
0.234,0.417,0.576,0.685,0.765,0.807,0.867,0.896,0.939,0.947,0.957,0.968,0.97,0.982,0.983
0.253,0.44,0.612,0.688,0.763,0.811,0.874,0.906,0.928,0.938,0.957,0.974,0.979,0.98,0.992
0.26,0.438,0.562,0.702,0.762,0.816,0.877,0.905,0.912,0.939,0.964,0.959,0.978,0.985,0.984
0.24,0.444,0.574,0.67,0.759,0.829,0.875,0.904,0.928,0.941,0.966,0.971,0.976,0.977,0.986
0.264,0.44,0.577,0.675,0.754,0.825,0.855,0.892,0.923,0.947,0.949,0.96,0.974,0.983,0.989
0.252,0.421,0.576,0.707,0.762,0.818,0.874,0.901,0.923,0.944,0.953,0.965,0.979,0.986,0.99
0.259,0.415,0.578,0.67,0.765,0.822,0.856,0.897,0.921,0.946,0.949,0.964,0.964,0.978,0.985
0.25,0.451,0.568,0.672,0.775,0.813,0.873,0.911,0.919,0.949,0.954,0.969,0.972,0.982,0.98
0.23,0.438,0.561,0.682,0.761,0.808,0.853,0.901,0.91,0.942,0.955,0.971,0.975,0.983,0.989
0.268,0.433,0.57,0.674,0.759,0.823,0.862,0.914,0.929,0.946,0.96,0.971,0.979,0.987,0.988
0.248,0.442,0.58,0.695,0.757,0.823,0.861,0.892,0.94,0.956,0.967,0.969,0.977,0.981,0.989
0.268,0.453,0.592,0.688,0.762,0.828,0.869,0.903,0.909,0.932,0.96,0.969,0.969,0.981,0.986
0.238,0.445,0.576,0.691,0.757,0.843,0.878,0.892,0.915,0.94,0.963,0.965,0.965,0.978,0.986
0.27,0.431,0.594,0.674,0.754,0.832,0.853,0.908,0.925,0.955,0.962,0.973,0.981,0.971,0.989
0.249,0.445,0.564,0.706,0.784,0.817,0.877,0.893,0.92,0.942,0.963,0.966,0.979,0.983,0.99
0.257,0.427,0.609,0.684,0.761,0.834,0.874,0.914,0.939,0.949,0.96,0.968,0.976,0.98,0.991
0.246,0.426,0.59,0.678,0.753,0.815,0.887,0.886,0.929,0.95,0.966,0.973,0.972,0.991,0.984
0.249,0.439,0.596,0.688,0.774,0.807,0.849,0.91,0.927,0.941,0.95,0.968,0.968,0.982,0.982
0.244,0.419,0.608,0.702,0.745,0.821,0.88,0.904,0.92,0.944,0.961,0.971,0.969,0.987,0.983
0.257,0.463,0.546,0.674,0.765,0.829,0.877,0.907,0.916,0.935,0.962,0.97,0.978,0.98,0.988
0.259,0.437,0.575,0.691,0.765,0.825,0.873,0.889,0.925,0.939,0.952,0.968,0.969,0.977,0.982
0.234,0.428,0.594,0.695,0.772,0.811,0.871,0.899,0.93,0.935,0.951,0.972,0.972,0.984,0.981
0.267,0.399,0.586,0.678,0.752,0.829,0.852,0.894,0.921,0.948,0.95,0.951,0.979,0.983,0.986
0.232,0.427,0.599,0.692,0.751,0.832,0.883,0.906,0.919,0.931,0.966,0.976,0.977,0.978,0.991
0.237,0.446,0.567,0.674,0.768,0.824,0.863,0.889,0.924,0.943,0.962,0.964,0.969,0.983,0.979
0.274,0.447,0.599,0.682,0.747,0.827,0.846,0.893,0.931,0.95,0.943,0.963,0.974,0.976,0.983
0.243,0.452,0.6,0.687,0.74,0.828,0.878,0.906,0.928,0.945,0.957,0.962,0.974,0.985,0.985
0.239,0.451,0.543,0.661,0.755,0.817,0.873,0.917,0.932,0.955,0.964,0.966,0.978,0.98,0.988
0.271,0.432,0.584,0.713,0.77,0.799,0.871,0.899,0.922,0.95,0.962,0.96,0.968,0.985,0.99
0.245,0.452,0.542,0.678,0.769,0.817,0.876,0.899,0.921,0.936,0.949,0.972,0.971,0.983,0.984
0.255,0.44,0.581,0.697,0.779,0.824,0.866,0.895,0.918,0.932,0.965,0.979,0.977,0.981,0.989
0.26,0.431,0.59,0.684,0.786,0.816,0.862,0.889,0.927,0.938,0.963,0.979,0.977,0.988,0.986
0.262,0.427,0.565,0.693,0.749,0.822,0.848,0.909,0.931,0.949,0.959,0.966,0.98,0.976,0.985
0.235,0.424,0.576,0.652,0.761,0.793,0.857,0.892,0.922,0.943,0.963,0.966,0.982,0.984,0.983
0.266,0.465,0.565,0.688,0.787,0.807,0.875,0.917,0.935,0.955,0.956,0.974,0.978,0.982,0.992
0.273,0.413,0.583,0.708,0.744,0.826,0.876,0.893,0.935,0.961,0.947,0.962,0.985,0.98,0.981
0.25,0.432,0.574,0.673,0.773,0.829,0.877,0.896,0.927,0.948,0.965,0.961,0.981,0.975,0.988
0.238,0.467,0.58,0.692,0.783,0.816,0.868,0.88,0.926,0.941,0.961,0.973,0.981,0.977,0.991
0.236,0.428,0.577,0.671,0.782,0.84,0.878,0.901,0.937,0.938,0.964,0.963,0.984,0.98,0.98
0.263,0.451,0.589,0.699,0.761,0.831,0.854,0.888,0.93,0.954,0.961,0.965,0.985,0.981,0.985
0.237,0.433,0.557,0.689,0.766,0.822,0.862,0.91,0.92,0.945,0.954,0.976,0.982,0.983,0.986
0.227,0.464,0.573,0.643,0.775,0.817,0.851,0.908,0.905,0.933,0.952,0.969,0.969,0.983,0.988
0.266,0.445,0.585,0.677,0.779,0.825,0.867,0.911,0.942,0.958,0.955,0.974,0.978,0.984,0.988
0.263,0.449,0.591,0.662,0.791,0.819,0.88,0.889,0.931,0.948,0.959,0.966,0.976,0.98,0.987
0.236,0.434,0.604,0.69,0.778,0.814,0.876,0.891,0.923,0.943,0.954,0.967,0.986,0.989,0.982
0.236,0.426,0.577,0.693,0.745,0.829,0.848,0.9,0.93,0.945,0.957,0.977,0.981,0.981,0.99
0.25,0.434,0.597,0.689,0.774,0.801,0.862,0.896,0.926,0.939,0.965,0.954,0.971,0.983,0.983
0.25,0.439,0.579,0.675,0.768,0.822,0.863,0.884,0.945,0.94,0.959,0.958,0.981,0.979,0.984
0.243,0.441,0.592,0.67,0.76,0.816,0.843,0.894,0.939,0.956,0.953,0.973,0.973,0.983,0.987
0.259,0.434,0.576,0.655,0.745,0.835,0.878,0.922,0.936,0.93,0.97,0.966,0.974,0.987,0.985
0.249,0.432,0.582,0.691,0.741,0.819,0.865,0.897,0.918,0.924,0.955,0.98,0.968,0.979,0.987
0.255,0.414,0.597,0.689,0.766,0.832,0.869,0.906,0.924,0.931,0.96,0.969,0.981,0.983,0.988
0.224,0.436,0.561,0.7,0.747,0.807,0.868,0.914,0.916,0.948,0.948,0.967,0.975,0.983,0.982
0.24,0.434,0.586,0.683,0.766,0.822,0.883,0.894,0.929,0.949,0.951,0.972,0.981,0.987,0.98
0.242,0.426,0.579,0.699,0.745,0.831,0.877,0.911,0.932,0.94,0.953,0.973,0.975,0.978,0.983
0.225,0.422,0.559,0.687,0.773,0.826,0.887,0.908,0.915,0.932,0.946,0.97,0.978,0.983,0.98
0.241,0.445,0.571,0.684,0.756,0.818,0.865,0.899,0.937,0.945,0.961,0.956,0.976,0.983,0.987
0.28,0.45,0.599,0.692,0.766,0.807,0.864,0.905,0.928,0.94,0.953,0.972,0.971,0.984,0.986
0.249,0.435,0.579,0.686,0.757,0.827,0.881,0.905,0.922,0.934,0.966,0.971,0.975,0.981,0.989
0.233,0.404,0.613,0.7,0.756,0.82,0.886,0.917,0.927,0.946,0.951,0.975,0.986,0.987,0.984
0.257,0.455,0.589,0.689,0.738,0.821,0.879,0.897,0.92,0.938,0.957,0.976,0.986,0.987,0.99
0.246,0.443,0.581,0.682,0.765,0.835,0.871,0.902,0.919,0.958,0.956,0.967,0.978,0.981,0.99
0.258,0.418,0.599,0.697,0.751,0.81,0.854,0.908,0.933,0.95,0.948,0.972,0.982,0.984,0.992
0.255,0.442,0.58,0.674,0.769,0.824,0.873,0.898,0.927,0.941,0.957,0.972,0.982,0.987,0.991
0.247,0.416,0.598,0.7,0.777,0.831,0.848,0.898,0.945,0.956,0.961,0.962,0.968,0.99,0.985
0.224,0.425,0.588,0.708,0.764,0.824,0.871,0.9,0.914,0.948,0.958,0.979,0.975,0.979,0.987
0.244,0.427,0.592,0.685,0.775,0.794,0.865,0.895,0.921,0.944,0.959,0.966,0.977,0.978,0.992
0.279,0.418,0.583,0.677,0.74,0.806,0.871,0.903,0.92,0.94,0.947,0.966,0.976,0.981,0.991
0.252,0.454,0.548,0.692,0.789,0.819,0.858,0.906,0.929,0.946,0.947,0.977,0.973,0.985,0.986
0.273,0.441,0.609,0.699,0.766,0.81,0.866,0.904,0.93,0.94,0.971,0.97,0.977,0.98,0.99
0.261,0.425,0.56,0.705,0.777,0.832,0.896,0.899,0.934,0.937,0.959,0.974,0.973,0.981,0.989
0.243,0.431,0.581,0.706,0.76,0.814,0.86,0.908,0.923,0.948,0.949,0.968,0.973,0.981,0.99
0.246,0.444,0.578,0.676,0.747,0.82,0.853,0.902,0.931,0.944,0.952,0.966,0.974,0.984,0.985
0.264,0.445,0.565,0.685,0.775,0.813,0.873,0.887,0.93,0.948,0.964,0.973,0.971,0.977,0.993
0.268,0.435,0.588,0.687,0.788,0.832,0.874,0.911,0.926,0.946,0.965,0.969,0.966,0.984,0.992
0.267,0.463,0.579,0.697,0.759,0.816,0.863,0.886,0.929,0.946,0.965,0.972,0.983,0.98,0.985
0.272,0.46,0.596,0.684,0.785,0.802,0.874,0.901,0.927,0.941,0.968,0.968,0.983,0.983,0.989
0.249,0.454,0.58,0.7,0.748,0.827,0.864,0.915,0.93,0.951,0.958,0.967,0.967,0.978,0.986
0.243,0.431,0.568,0.665,0.765,0.841,0.875,0.912,0.917,0.951,0.963,0.968,0.98,0.989,0.987
0.245,0.453,0.582,0.667,0.765,0.847,0.875,0.894,0.913,0.959,0.962,0.975,0.977,0.976,0.987
0.219,0.431,0.602,0.664,0.756,0.819,0.87,0.887,0.921,0.936,0.963,0.963,0.971,0.988,0.991
0.247,0.444,0.608,0.689,0.783,0.808,0.849,0.916,0.934,0.946,0.957,0.96,0.972,0.984,0.988
0.252,0.45,0.579,0.684,0.762,0.815,0.884,0.906,0.92,0.946,0.954,0.975,0.97,0.977,0.988
0.233,0.432,0.565,0.714,0.758,0.828,0.861,0.9,0.936,0.949,0.945,0.962,0.978,0.977,0.985
0.254,0.447,0.555,0.696,0.761,0.821,0.855,0.895,0.915,0.956,0.959,0.97,0.979,0.978,0.985
0.247,0.471,0.581,0.714,0.754,0.848,0.846,0.892,0.919,0.937,0.961,0.978,0.976,0.987,0.989
0.258,0.423,0.563,0.66,0.745,0.819,0.865,0.901,0.916,0.949,0.967,0.971,0.972,0.982,0.988
0.233,0.421,0.576,0.679,0.748,0.808,0.859,0.895,0.929,0.935,0.951,0.964,0.976,0.988,0.986
0.251,0.441,0.552,0.711,0.755,0.83,0.864,0.89,0.93,0.945,0.959,0.971,0.978,0.977,0.98
0.244,0.439,0.602,0.656,0.754,0.828,0.884,0.897,0.926,0.945,0.954,0.971,0.972,0.98,0.989
0.231,0.451,0.558,0.672,0.765,0.803,0.865,0.913,0.904,0.945,0.944,0.963,0.974,0.984,0.985
0.247,0.424,0.588,0.696,0.76,0.824,0.871,0.892,0.908,0.954,0.963,0.973,0.984,0.98,0.988
0.223,0.433,0.583,0.702,0.764,0.812,0.859,0.89,0.942,0.947,0.947,0.971,0.97,0.978,0.981
0.251,0.443,0.565,0.705,0.75,0.832,0.86,0.911,0.928,0.929,0.969,0.969,0.977,0.986,0.99
0.248,0.458,0.58,0.671,0.75,0.833,0.872,0.905,0.92,0.957,0.958,0.962,0.983,0.983,0.984
0.236,0.432,0.579,0.674,0.774,0.805,0.859,0.9,0.925,0.937,0.956,0.965,0.976,0.98,0.988
0.239,0.465,0.564,0.679,0.77,0.856,0.864,0.896,0.924,0.947,0.944,0.968,0.966,0.984,0.985
0.265,0.442,0.629,0.7,0.778,0.814,0.882,0.894,0.926,0.941,0.953,0.966,0.984,0.988,0.986
0.249,0.442,0.577,0.691,0.759,0.819,0.877,0.888,0.94,0.945,0.962,0.972,0.984,0.989,0.99
0.258,0.43,0.572,0.696,0.778,0.828,0.859,0.9,0.916,0.942,0.948,0.964,0.98,0.979,0.984
0.261,0.441,0.588,0.688,0.78,0.834,0.865,0.91,0.937,0.946,0.954,0.969,0.985,0.988,0.991
0.273,0.431,0.571,0.686,0.762,0.825,0.863,0.901,0.923,0.948,0.965,0.966,0.98,0.982,0.982
0.245,0.46,0.55,0.66,0.745,0.817,0.855,0.902,0.936,0.93,0.954,0.969,0.979,0.986,0.986
0.244,0.448,0.578,0.666,0.769,0.815,0.873,0.889,0.936,0.948,0.964,0.962,0.98,0.977,0.988
0.256,0.454,0.57,0.676,0.776,0.834,0.882,0.914,0.92,0.948,0.95,0.962,0.978,0.973,0.983
0.264,0.45,0.577,0.699,0.761,0.826,0.88,0.905,0.922,0.947,0.961,0.959,0.976,0.979,0.987
0.27,0.407,0.592,0.656,0.77,0.827,0.881,0.886,0.94,0.96,0.964,0.972,0.975,0.987,0.989
0.246,0.457,0.583,0.707,0.767,0.809,0.873,0.889,0.924,0.95,0.964,0.977,0.976,0.979,0.989
0.256,0.437,0.56,0.707,0.762,0.812,0.861,0.895,0.92,0.932,0.943,0.969,0.978,0.981,0.988
0.259,0.434,0.593,0.682,0.773,0.822,0.858,0.909,0.925,0.948,0.953,0.966,0.977,0.981,0.986
0.272,0.431,0.62,0.677,0.752,0.809,0.861,0.915,0.919,0.94,0.965,0.964,0.973,0.98,0.994
0.24,0.452,0.569,0.652,0.778,0.812,0.858,0.907,0.922,0.927,0.951,0.972,0.972,0.977,0.985
0.239,0.469,0.566,0.694,0.753,0.822,0.867,0.892,0.93,0.95,0.964,0.974,0.97,0.983,0.986
0.252,0.414,0.581,0.694,0.762,0.818,0.876,0.912,0.923,0.937,0.964,0.974,0.977,0.98,0.987
0.247,0.437,0.576,0.686,0.776,0.835,0.867,0.9,0.937,0.946,0.955,0.969,0.977,0.985,0.991
0.253,0.476,0.589,0.68,0.793,0.837,0.853,0.903,0.929,0.952,0.956,0.977,0.974,0.991,0.99
0.248,0.443,0.565,0.687,0.779,0.828,0.862,0.918,0.921,0.934,0.952,0.96,0.975,0.977,0.986
0.223,0.452,0.591,0.681,0.775,0.807,0.876,0.909,0.91,0.959,0.961,0.973,0.981,0.984,0.99
0.265,0.449,0.565,0.71,0.773,0.824,0.876,0.89,0.932,0.947,0.958,0.965,0.98,0.97,0.987
0.226,0.443,0.579,0.691,0.764,0.822,0.881,0.884,0.934,0.937,0.96,0.967,0.971,0.983,0.982
0.257,0.443,0.577,0.715,0.758,0.813,0.888,0.906,0.918,0.939,0.961,0.962,0.975,0.98,0.988
0.247,0.442,0.596,0.693,0.773,0.819,0.873,0.904,0.922,0.937,0.969,0.97,0.981,0.971,0.989
0.268,0.398,0.597,0.669,0.776,0.819,0.864,0.899,0.935,0.94,0.959,0.969,0.984,0.98,0.986
0.255,0.476,0.587,0.702,0.755,0.821,0.879,0.904,0.922,0.944,0.97,0.966,0.983,0.98,0.988
0.249,0.439,0.568,0.688,0.757,0.825,0.875,0.895,0.931,0.953,0.965,0.972,0.979,0.985,0.986
0.236,0.443,0.582,0.706,0.771,0.808,0.878,0.912,0.913,0.928,0.971,0.966,0.974,0.981,0.983
0.258,0.437,0.59,0.718,0.762,0.808,0.865,0.909,0.919,0.95,0.969,0.976,0.971,0.987,0.983
0.247,0.421,0.569,0.677,0.755,0.834,0.846,0.91,0.938,0.959,0.955,0.976,0.972,0.982,0.989
0.247,0.437,0.56,0.662,0.725,0.809,0.874,0.898,0.92,0.94,0.956,0.967,0.976,0.967,0.987
0.25,0.441,0.558,0.671,0.76,0.835,0.863,0.917,0.936,0.951,0.96,0.971,0.97,0.986,0.99
0.249,0.418,0.588,0.686,0.733,0.815,0.882,0.889,0.928,0.943,0.955,0.962,0.974,0.982,0.987
0.247,0.456,0.584,0.703,0.763,0.83,0.88,0.914,0.933,0.955,0.96,0.964,0.974,0.986,0.99
0.248,0.435,0.58,0.663,0.758,0.823,0.857,0.886,0.915,0.944,0.963,0.967,0.972,0.975,0.981
0.271,0.458,0.577,0.694,0.764,0.817,0.87,0.902,0.913,0.95,0.957,0.974,0.977,0.986,0.989
0.257,0.447,0.615,0.678,0.787,0.827,0.851,0.902,0.925,0.954,0.959,0.963,0.977,0.977,0.992
0.265,0.427,0.573,0.716,0.776,0.84,0.869,0.893,0.912,0.953,0.962,0.975,0.977,0.985,0.993
0.248,0.436,0.557,0.652,0.741,0.809,0.87,0.895,0.918,0.925,0.955,0.955,0.98,0.977,0.987
0.242,0.447,0.593,0.665,0.758,0.841,0.862,0.89,0.931,0.94,0.957,0.97,0.98,0.98,0.986
0.236,0.456,0.592,0.705,0.76,0.86,0.866,0.901,0.923,0.943,0.954,0.964,0.978,0.977,0.992
0.256,0.419,0.571,0.71,0.773,0.804,0.859,0.89,0.94,0.946,0.963,0.968,0.975,0.983,0.988
0.237,0.442,0.58,0.676,0.754,0.821,0.893,0.891,0.907,0.935,0.95,0.972,0.968,0.984,0.985
0.226,0.421,0.575,0.695,0.776,0.842,0.874,0.892,0.934,0.946,0.95,0.97,0.977,0.981,0.987
0.25,0.441,0.571,0.678,0.754,0.825,0.865,0.91,0.936,0.951,0.96,0.965,0.98,0.981,0.987
0.247,0.443,0.591,0.686,0.752,0.84,0.866,0.9,0.941,0.947,0.958,0.971,0.98,0.982,0.983
0.253,0.439,0.561,0.663,0.75,0.827,0.863,0.896,0.929,0.945,0.96,0.962,0.976,0.98,0.989
0.247,0.446,0.571,0.665,0.743,0.836,0.879,0.9,0.909,0.943,0.964,0.965,0.982,0.979,0.983
0.259,0.414,0.573,0.69,0.751,0.815,0.877,0.897,0.922,0.934,0.956,0.971,0.97,0.984,0.986
0.264,0.424,0.569,0.699,0.764,0.824,0.858,0.901,0.929,0.948,0.964,0.976,0.977,0.984,0.982
0.264,0.411,0.575,0.678,0.78,0.829,0.878,0.915,0.938,0.938,0.953,0.964,0.971,0.99,0.984
0.255,0.443,0.592,0.689,0.771,0.837,0.882,0.893,0.92,0.939,0.959,0.972,0.967,0.976,0.984
0.273,0.448,0.607,0.683,0.779,0.817,0.849,0.899,0.923,0.949,0.953,0.977,0.971,0.981,0.984
0.235,0.44,0.565,0.691,0.762,0.833,0.87,0.901,0.928,0.941,0.961,0.965,0.974,0.98,0.99
0.236,0.449,0.567,0.685,0.763,0.828,0.872,0.908,0.93,0.942,0.954,0.96,0.977,0.971,0.991
0.256,0.431,0.59,0.691,0.767,0.822,0.864,0.89,0.932,0.946,0.957,0.966,0.973,0.984,0.992
0.245,0.412,0.559,0.681,0.782,0.817,0.867,0.897,0.912,0.94,0.962,0.976,0.975,0.974,0.984
0.274,0.445,0.598,0.675,0.774,0.829,0.884,0.892,0.925,0.953,0.943,0.969,0.983,0.984,0.991
0.266,0.443,0.585,0.703,0.77,0.804,0.868,0.909,0.92,0.943,0.944,0.979,0.979,0.985,0.984
0.258,0.449,0.582,0.675,0.751,0.832,0.868,0.908,0.926,0.95,0.967,0.964,0.971,0.988,0.988
0.236,0.443,0.571,0.677,0.764,0.832,0.886,0.907,0.925,0.928,0.957,0.965,0.982,0.984,0.993
0.263,0.412,0.575,0.66,0.765,0.777,0.879,0.902,0.922,0.949,0.958,0.974,0.979,0.987,0.988
0.263,0.44,0.575,0.68,0.754,0.818,0.869,0.902,0.927,0.947,0.95,0.968,0.963,0.975,0.988
0.229,0.409,0.586,0.662,0.739,0.833,0.859,0.889,0.924,0.952,0.953,0.971,0.978,0.98,0.989
0.264,0.42,0.575,0.69,0.754,0.826,0.861,0.862,0.942,0.939,0.958,0.977,0.967,0.978,0.991
0.253,0.419,0.55,0.68,0.771,0.838,0.873,0.888,0.93,0.934,0.962,0.971,0.986,0.99,0.99
0.272,0.407,0.605,0.689,0.749,0.805,0.871,0.904,0.932,0.937,0.952,0.969,0.975,0.987,0.984
0.255,0.436,0.565,0.686,0.759,0.822,0.875,0.907,0.918,0.952,0.951,0.97,0.98,0.975,0.979
0.245,0.439,0.56,0.661,0.759,0.808,0.868,0.909,0.919,0.945,0.955,0.973,0.978,0.989,0.986
0.271,0.44,0.557,0.686,0.756,0.831,0.879,0.9,0.929,0.956,0.961,0.973,0.974,0.989,0.987
0.238,0.431,0.563,0.683,0.767,0.813,0.847,0.898,0.922,0.934,0.943,0.968,0.97,0.986,0.99
0.269,0.416,0.573,0.66,0.764,0.835,0.86,0.887,0.923,0.946,0.968,0.975,0.976,0.98,0.993
0.262,0.452,0.571,0.672,0.787,0.824,0.87,0.902,0.927,0.946,0.96,0.983,0.976,0.979,0.99
0.258,0.418,0.573,0.716,0.772,0.822,0.863,0.891,0.916,0.952,0.947,0.966,0.987,0.982,0.989
0.25,0.442,0.574,0.655,0.73,0.824,0.888,0.906,0.909,0.945,0.962,0.954,0.973,0.978,0.989
0.266,0.418,0.592,0.687,0.741,0.799,0.855,0.904,0.911,0.94,0.952,0.977,0.982,0.975,0.989
0.251,0.449,0.544,0.685,0.729,0.81,0.868,0.911,0.929,0.945,0.954,0.964,0.972,0.982,0.985
0.273,0.444,0.579,0.671,0.752,0.826,0.886,0.909,0.927,0.933,0.957,0.965,0.979,0.977,0.988
0.271,0.436,0.585,0.717,0.779,0.84,0.872,0.886,0.915,0.947,0.965,0.972,0.984,0.979,0.982
0.269,0.413,0.562,0.679,0.764,0.831,0.865,0.886,0.928,0.937,0.969,0.958,0.974,0.977,0.986
0.253,0.43,0.572,0.693,0.766,0.853,0.877,0.903,0.919,0.948,0.959,0.969,0.981,0.974,0.985
0.254,0.455,0.589,0.663,0.794,0.827,0.853,0.891,0.934,0.95,0.967,0.972,0.975,0.983,0.986
0.266,0.424,0.571,0.699,0.77,0.833,0.877,0.895,0.923,0.939,0.959,0.969,0.98,0.993,0.988
0.248,0.438,0.573,0.646,0.755,0.804,0.874,0.898,0.933,0.947,0.97,0.972,0.976,0.979,0.984
0.275,0.437,0.582,0.673,0.765,0.837,0.843,0.907,0.914,0.936,0.955,0.97,0.98,0.982,0.983
0.248,0.385,0.583,0.696,0.742,0.791,0.86,0.906,0.928,0.943,0.954,0.968,0.969,0.978,0.985
0.269,0.434,0.554,0.69,0.77,0.804,0.887,0.918,0.923,0.935,0.959,0.976,0.971,0.978,0.982
0.243,0.464,0.576,0.693,0.755,0.833,0.862,0.906,0.946,0.956,0.958,0.968,0.982,0.982,0.975
0.258,0.435,0.583,0.698,0.772,0.811,0.863,0.914,0.914,0.948,0.956,0.973,0.977,0.986,0.987
0.236,0.457,0.589,0.683,0.769,0.822,0.864,0.914,0.919,0.944,0.962,0.975,0.981,0.982,0.98
0.245,0.414,0.548,0.653,0.752,0.815,0.86,0.911,0.923,0.939,0.949,0.96,0.98,0.986,0.988
0.235,0.451,0.61,0.695,0.761,0.819,0.868,0.887,0.908,0.931,0.954,0.974,0.978,0.987,0.99
0.263,0.456,0.591,0.679,0.777,0.807,0.864,0.9,0.93,0.952,0.968,0.963,0.975,0.988,0.991
0.257,0.451,0.574,0.64,0.786,0.825,0.876,0.911,0.932,0.94,0.964,0.974,0.981,0.975,0.99
0.228,0.433,0.559,0.669,0.768,0.802,0.876,0.898,0.925,0.947,0.945,0.978,0.974,0.982,0.985
0.271,0.442,0.604,0.689,0.748,0.833,0.872,0.886,0.932,0.942,0.965,0.97,0.975,0.986,0.994
0.23,0.431,0.574,0.693,0.778,0.827,0.848,0.89,0.924,0.949,0.957,0.969,0.976,0.98,0.987
0.257,0.429,0.577,0.675,0.751,0.818,0.862,0.88,0.918,0.938,0.958,0.973,0.981,0.98,0.984
0.26,0.413,0.578,0.687,0.761,0.821,0.853,0.892,0.93,0.942,0.958,0.969,0.981,0.984,0.988
0.259,0.421,0.589,0.684,0.756,0.834,0.865,0.901,0.925,0.95,0.958,0.956,0.967,0.981,0.99
0.219,0.454,0.584,0.678,0.751,0.817,0.869,0.903,0.926,0.955,0.959,0.971,0.971,0.986,0.984
0.24,0.436,0.592,0.675,0.776,0.827,0.879,0.89,0.925,0.947,0.947,0.965,0.981,0.984,0.984
0.262,0.435,0.594,0.698,0.754,0.839,0.859,0.914,0.92,0.931,0.96,0.968,0.984,0.981,0.985
0.254,0.421,0.591,0.685,0.765,0.798,0.866,0.895,0.939,0.949,0.962,0.964,0.963,0.982,0.988
0.241,0.45,0.562,0.69,0.787,0.833,0.881,0.886,0.919,0.945,0.962,0.973,0.979,0.98,0.991
0.268,0.435,0.565,0.672,0.753,0.83,0.868,0.892,0.919,0.932,0.956,0.972,0.979,0.986,0.989
0.239,0.43,0.583,0.688,0.765,0.821,0.873,0.9,0.933,0.93,0.965,0.971,0.971,0.979,0.986
0.237,0.416,0.582,0.702,0.774,0.83,0.866,0.912,0.914,0.948,0.963,0.963,0.976,0.985,0.985
0.234,0.44,0.569,0.663,0.764,0.824,0.861,0.884,0.922,0.936,0.959,0.965,0.977,0.979,0.987
0.25,0.443,0.577,0.678,0.745,0.809,0.844,0.902,0.927,0.945,0.966,0.97,0.975,0.978,0.99
0.27,0.423,0.591,0.704,0.779,0.842,0.887,0.905,0.932,0.943,0.954,0.971,0.972,0.983,0.987
0.248,0.462,0.578,0.656,0.766,0.843,0.853,0.895,0.929,0.943,0.958,0.968,0.977,0.979,0.988
0.252,0.465,0.579,0.703,0.772,0.833,0.87,0.904,0.934,0.944,0.966,0.969,0.985,0.984,0.989
0.266,0.461,0.575,0.681,0.775,0.824,0.87,0.907,0.912,0.941,0.941,0.963,0.978,0.98,0.981
0.265,0.449,0.57,0.683,0.751,0.86,0.842,0.913,0.927,0.949,0.95,0.971,0.975,0.974,0.989
0.252,0.427,0.553,0.68,0.767,0.832,0.853,0.899,0.923,0.95,0.964,0.965,0.97,0.977,0.986
0.256,0.491,0.555,0.687,0.754,0.829,0.876,0.897,0.913,0.936,0.954,0.965,0.977,0.983,0.989
0.233,0.441,0.562,0.696,0.766,0.82,0.878,0.896,0.913,0.944,0.96,0.982,0.969,0.977,0.989
0.276,0.416,0.578,0.7,0.77,0.83,0.869,0.91,0.939,0.942,0.948,0.973,0.968,0.985,0.988
0.282,0.435,0.591,0.674,0.775,0.822,0.88,0.881,0.935,0.921,0.959,0.963,0.977,0.981,0.983
0.221,0.454,0.578,0.723,0.766,0.836,0.868,0.881,0.922,0.949,0.967,0.973,0.97,0.981,0.982
0.25,0.42,0.587,0.69,0.749,0.828,0.847,0.901,0.922,0.954,0.953,0.968,0.964,0.986,0.991
0.257,0.441,0.565,0.663,0.745,0.815,0.874,0.906,0.91,0.942,0.959,0.973,0.974,0.982,0.985
0.26,0.441,0.573,0.669,0.774,0.813,0.866,0.897,0.916,0.933,0.962,0.973,0.975,0.985,0.982
0.243,0.416,0.589,0.706,0.791,0.816,0.875,0.903,0.916,0.936,0.95,0.969,0.978,0.977,0.987
0.27,0.429,0.585,0.702,0.741,0.831,0.872,0.898,0.929,0.948,0.959,0.974,0.978,0.984,0.982
0.245,0.448,0.598,0.687,0.784,0.815,0.879,0.905,0.916,0.954,0.953,0.963,0.968,0.983,0.992
0.261,0.437,0.557,0.687,0.757,0.803,0.859,0.903,0.933,0.939,0.946,0.97,0.977,0.982,0.985
0.237,0.441,0.576,0.695,0.761,0.843,0.85,0.897,0.929,0.95,0.963,0.962,0.98,0.99,0.988
0.258,0.435,0.576,0.673,0.759,0.826,0.87,0.893,0.916,0.936,0.968,0.966,0.977,0.979,0.987
0.258,0.447,0.593,0.68,0.748,0.806,0.874,0.904,0.928,0.947,0.963,0.964,0.965,0.977,0.982
0.239,0.423,0.592,0.671,0.766,0.831,0.855,0.889,0.918,0.943,0.95,0.969,0.978,0.987,0.988
0.25,0.427,0.549,0.698,0.772,0.832,0.848,0.899,0.92,0.937,0.956,0.964,0.979,0.98,0.981
0.221,0.428,0.57,0.709,0.736,0.81,0.87,0.9,0.921,0.928,0.943,0.956,0.97,0.983,0.982
0.248,0.446,0.578,0.681,0.804,0.829,0.878,0.892,0.933,0.959,0.961,0.968,0.983,0.981,0.986
0.273,0.437,0.552,0.71,0.766,0.822,0.854,0.901,0.916,0.927,0.959,0.959,0.978,0.99,0.991
0.255,0.435,0.562,0.661,0.776,0.835,0.831,0.899,0.923,0.946,0.957,0.977,0.974,0.982,0.984
0.235,0.435,0.547,0.671,0.763,0.825,0.856,0.918,0.932,0.951,0.952,0.971,0.964,0.984,0.989
0.255,0.444,0.577,0.68,0.745,0.822,0.852,0.894,0.927,0.943,0.964,0.976,0.968,0.983,0.985
0.254,0.447,0.608,0.674,0.734,0.809,0.854,0.885,0.919,0.94,0.953,0.967,0.977,0.973,0.988
0.251,0.446,0.596,0.699,0.761,0.826,0.861,0.893,0.915,0.944,0.954,0.964,0.976,0.98,0.975
0.221,0.417,0.614,0.687,0.754,0.806,0.869,0.888,0.917,0.956,0.963,0.963,0.977,0.982,0.989
0.232,0.427,0.604,0.673,0.77,0.827,0.864,0.885,0.916,0.947,0.952,0.97,0.975,0.981,0.983
0.257,0.437,0.586,0.695,0.785,0.823,0.872,0.895,0.917,0.935,0.964,0.974,0.969,0.975,0.987
0.278,0.441,0.584,0.681,0.738,0.799,0.878,0.904,0.93,0.962,0.959,0.969,0.974,0.981,0.982
0.258,0.432,0.58,0.644,0.745,0.828,0.856,0.907,0.935,0.959,0.963,0.972,0.977,0.981,0.987
0.277,0.454,0.572,0.65,0.758,0.831,0.858,0.897,0.929,0.94,0.96,0.968,0.98,0.978,0.988
0.242,0.438,0.571,0.66,0.748,0.808,0.863,0.9,0.937,0.947,0.958,0.962,0.964,0.98,0.983
0.251,0.446,0.582,0.683,0.768,0.808,0.862,0.925,0.916,0.934,0.945,0.972,0.991,0.984,0.991
0.259,0.443,0.597,0.713,0.75,0.83,0.849,0.908,0.909,0.944,0.955,0.967,0.971,0.975,0.985
0.259,0.42,0.603,0.675,0.76,0.8,0.88,0.887,0.916,0.945,0.961,0.967,0.98,0.985,0.986
0.247,0.44,0.556,0.686,0.758,0.826,0.88,0.895,0.924,0.948,0.957,0.965,0.971,0.977,0.988
0.254,0.425,0.571,0.684,0.743,0.833,0.867,0.898,0.927,0.951,0.955,0.969,0.978,0.973,0.99
0.275,0.427,0.55,0.712,0.763,0.825,0.858,0.895,0.945,0.947,0.96,0.975,0.973,0.985,0.985
0.231,0.449,0.591,0.682,0.764,0.836,0.866,0.906,0.914,0.952,0.962,0.967,0.983,0.988,0.988
0.248,0.448,0.56,0.642,0.765,0.805,0.861,0.9,0.929,0.95,0.952,0.969,0.973,0.975,0.989
0.256,0.444,0.609,0.676,0.795,0.822,0.85,0.891,0.935,0.954,0.958,0.967,0.978,0.983,0.99
0.252,0.43,0.604,0.697,0.775,0.829,0.85,0.904,0.924,0.94,0.948,0.964,0.975,0.983,0.989
0.252,0.438,0.616,0.682,0.756,0.816,0.882,0.892,0.926,0.947,0.95,0.976,0.973,0.987,0.985
0.258,0.447,0.563,0.7,0.773,0.819,0.893,0.903,0.939,0.942,0.961,0.967,0.978,0.982,0.988
0.26,0.433,0.576,0.678,0.756,0.818,0.843,0.91,0.922,0.934,0.965,0.965,0.973,0.982,0.988
0.233,0.405,0.561,0.678,0.726,0.804,0.863,0.895,0.924,0.946,0.951,0.971,0.979,0.985,0.982
0.255,0.434,0.615,0.671,0.762,0.843,0.847,0.893,0.927,0.932,0.953,0.963,0.974,0.977,0.988
0.235,0.443,0.592,0.674,0.767,0.816,0.85,0.891,0.913,0.939,0.953,0.974,0.979,0.981,0.987
0.264,0.456,0.566,0.711,0.769,0.842,0.861,0.911,0.919,0.95,0.969,0.982,0.98,0.989,0.995
0.238,0.404,0.587,0.68,0.758,0.817,0.859,0.9,0.932,0.955,0.961,0.972,0.971,0.982,0.989
0.23,0.429,0.575,0.701,0.761,0.814,0.859,0.915,0.935,0.93,0.954,0.956,0.975,0.979,0.988
0.24,0.432,0.561,0.676,0.758,0.82,0.856,0.897,0.918,0.95,0.952,0.962,0.985,0.986,0.98
0.26,0.43,0.557,0.685,0.759,0.808,0.885,0.905,0.931,0.936,0.953,0.961,0.97,0.982,0.982
0.235,0.42,0.606,0.688,0.766,0.79,0.873,0.904,0.922,0.943,0.963,0.972,0.974,0.981,0.988
0.257,0.441,0.572,0.656,0.755,0.82,0.867,0.896,0.937,0.945,0.95,0.962,0.979,0.978,0.986
0.28,0.428,0.552,0.682,0.779,0.85,0.863,0.902,0.924,0.947,0.968,0.958,0.975,0.988,0.985
0.247,0.446,0.582,0.665,0.732,0.822,0.866,0.892,0.919,0.949,0.953,0.963,0.974,0.986,0.991
0.271,0.414,0.582,0.715,0.768,0.847,0.855,0.907,0.921,0.943,0.956,0.977,0.976,0.985,0.989
0.245,0.473,0.574,0.703,0.792,0.795,0.868,0.906,0.929,0.948,0.945,0.958,0.975,0.979,0.981
0.255,0.434,0.58,0.668,0.759,0.831,0.857,0.913,0.927,0.949,0.958,0.966,0.969,0.976,0.986
0.257,0.433,0.58,0.695,0.74,0.846,0.859,0.904,0.913,0.943,0.953,0.967,0.979,0.974,0.981
0.242,0.449,0.558,0.667,0.772,0.826,0.884,0.897,0.926,0.958,0.946,0.961,0.98,0.978,0.991
0.217,0.409,0.577,0.673,0.762,0.842,0.859,0.902,0.93,0.949,0.954,0.974,0.971,0.972,0.988
0.237,0.446,0.578,0.701,0.759,0.807,0.87,0.89,0.933,0.941,0.951,0.967,0.97,0.985,0.986
0.255,0.432,0.605,0.688,0.765,0.837,0.877,0.903,0.923,0.935,0.953,0.97,0.976,0.984,0.99
0.24,0.432,0.559,0.694,0.775,0.83,0.87,0.894,0.937,0.948,0.954,0.961,0.984,0.981,0.988
0.255,0.438,0.567,0.673,0.763,0.828,0.886,0.9,0.913,0.952,0.957,0.962,0.963,0.981,0.988
0.235,0.423,0.586,0.673,0.747,0.817,0.862,0.914,0.93,0.947,0.948,0.958,0.973,0.983,0.984
0.247,0.422,0.593,0.681,0.768,0.84,0.869,0.911,0.925,0.95,0.964,0.967,0.977,0.982,0.99
0.239,0.414,0.542,0.708,0.766,0.813,0.863,0.896,0.924,0.951,0.966,0.959,0.972,0.979,0.988
0.227,0.421,0.572,0.691,0.774,0.814,0.868,0.904,0.933,0.945,0.964,0.962,0.982,0.985,0.99
0.266,0.441,0.562,0.687,0.771,0.806,0.864,0.915,0.917,0.942,0.964,0.969,0.983,0.989,0.986
0.268,0.44,0.583,0.697,0.766,0.841,0.874,0.913,0.925,0.941,0.963,0.977,0.978,0.984,0.987
0.247,0.446,0.601,0.678,0.776,0.835,0.868,0.911,0.928,0.95,0.951,0.971,0.975,0.984,0.99
0.253,0.427,0.579,0.667,0.772,0.822,0.888,0.909,0.935,0.939,0.959,0.98,0.975,0.985,0.987
0.261,0.444,0.553,0.658,0.768,0.819,0.876,0.9,0.926,0.95,0.952,0.967,0.97,0.987,0.992
0.24,0.446,0.569,0.693,0.76,0.824,0.852,0.884,0.908,0.933,0.949,0.969,0.975,0.985,0.988
0.256,0.428,0.567,0.681,0.757,0.826,0.857,0.886,0.928,0.945,0.966,0.972,0.984,0.983,0.992
0.249,0.441,0.571,0.686,0.755,0.823,0.874,0.885,0.916,0.949,0.962,0.974,0.979,0.99,0.986
0.248,0.422,0.585,0.668,0.76,0.817,0.861,0.891,0.922,0.949,0.955,0.971,0.977,0.988,0.983
0.242,0.452,0.581,0.698,0.78,0.825,0.847,0.9,0.926,0.947,0.961,0.972,0.975,0.986,0.987
0.251,0.464,0.572,0.686,0.781,0.819,0.867,0.893,0.928,0.945,0.952,0.972,0.976,0.986,0.984
0.252,0.442,0.577,0.685,0.749,0.83,0.853,0.895,0.923,0.943,0.946,0.971,0.966,0.982,0.982
0.244,0.428,0.577,0.704,0.791,0.822,0.86,0.907,0.923,0.955,0.964,0.961,0.969,0.982,0.986
0.264,0.423,0.584,0.682,0.789,0.83,0.873,0.907,0.93,0.943,0.968,0.971,0.975,0.991,0.99
0.232,0.432,0.588,0.684,0.735,0.806,0.876,0.889,0.935,0.944,0.961,0.967,0.982,0.984,0.987
0.239,0.44,0.584,0.656,0.747,0.83,0.878,0.906,0.924,0.948,0.944,0.969,0.973,0.985,0.989
0.236,0.414,0.601,0.677,0.777,0.828,0.854,0.901,0.921,0.95,0.958,0.97,0.973,0.977,0.994
0.266,0.458,0.58,0.688,0.77,0.846,0.861,0.898,0.916,0.957,0.951,0.974,0.982,0.99,0.992
0.268,0.443,0.603,0.683,0.788,0.841,0.86,0.908,0.927,0.944,0.955,0.968,0.976,0.987,0.986
0.266,0.452,0.569,0.691,0.768,0.82,0.866,0.905,0.93,0.939,0.948,0.976,0.976,0.983,0.988
0.25,0.428,0.543,0.696,0.758,0.827,0.87,0.892,0.928,0.933,0.95,0.966,0.984,0.977,0.983
0.264,0.442,0.563,0.691,0.798,0.844,0.874,0.897,0.915,0.922,0.961,0.974,0.969,0.983,0.987
0.255,0.457,0.601,0.692,0.765,0.826,0.87,0.898,0.921,0.941,0.965,0.968,0.978,0.98,0.985
0.269,0.471,0.565,0.675,0.748,0.81,0.864,0.891,0.929,0.952,0.96,0.969,0.981,0.978,0.979
0.248,0.437,0.588,0.661,0.754,0.808,0.858,0.906,0.924,0.948,0.968,0.964,0.979,0.981,0.989
0.261,0.445,0.573,0.71,0.781,0.827,0.868,0.895,0.925,0.95,0.958,0.971,0.978,0.983,0.988
0.26,0.439,0.578,0.689,0.78,0.819,0.868,0.908,0.934,0.938,0.953,0.971,0.978,0.982,0.986
0.262,0.439,0.557,0.662,0.758,0.833,0.861,0.901,0.924,0.952,0.944,0.966,0.975,0.987,0.983
0.256,0.439,0.599,0.695,0.794,0.82,0.861,0.898,0.932,0.954,0.958,0.971,0.98,0.989,0.992
0.284,0.432,0.566,0.681,0.737,0.836,0.878,0.906,0.932,0.942,0.955,0.968,0.975,0.98,0.979
0.252,0.435,0.565,0.655,0.758,0.816,0.868,0.904,0.921,0.93,0.963,0.955,0.968,0.986,0.996
0.234,0.434,0.564,0.677,0.78,0.813,0.865,0.891,0.924,0.938,0.96,0.973,0.974,0.981,0.99
0.244,0.428,0.569,0.678,0.77,0.818,0.861,0.913,0.93,0.938,0.958,0.967,0.975,0.976,0.985
0.23,0.438,0.575,0.684,0.749,0.831,0.854,0.896,0.917,0.935,0.962,0.969,0.983,0.983,0.982
0.251,0.452,0.58,0.679,0.769,0.811,0.877,0.902,0.924,0.94,0.952,0.968,0.975,0.981,0.988
0.262,0.451,0.576,0.685,0.769,0.834,0.871,0.898,0.918,0.954,0.967,0.974,0.976,0.98,0.989
0.253,0.411,0.589,0.684,0.783,0.831,0.874,0.88,0.914,0.944,0.958,0.961,0.98,0.983,0.988
0.267,0.453,0.59,0.665,0.764,0.833,0.877,0.893,0.927,0.953,0.973,0.974,0.979,0.988,0.985
0.248,0.426,0.603,0.686,0.774,0.817,0.868,0.904,0.928,0.952,0.955,0.959,0.966,0.984,0.983
0.249,0.41,0.605,0.675,0.768,0.819,0.846,0.886,0.928,0.937,0.962,0.979,0.981,0.983,0.984
0.248,0.457,0.558,0.665,0.759,0.836,0.873,0.906,0.919,0.952,0.954,0.972,0.972,0.982,0.983
0.224,0.419,0.58,0.678,0.764,0.824,0.865,0.915,0.936,0.948,0.956,0.971,0.979,0.979,0.987
0.231,0.416,0.582,0.669,0.749,0.803,0.87,0.906,0.933,0.942,0.963,0.964,0.982,0.985,0.989
0.228,0.443,0.558,0.687,0.755,0.828,0.879,0.905,0.941,0.962,0.955,0.967,0.975,0.984,0.984
0.253,0.445,0.564,0.69,0.764,0.815,0.866,0.9,0.929,0.945,0.949,0.965,0.974,0.978,0.98
0.245,0.458,0.596,0.678,0.774,0.841,0.873,0.893,0.931,0.926,0.96,0.968,0.974,0.98,0.985
0.25,0.445,0.598,0.679,0.786,0.812,0.872,0.899,0.934,0.928,0.953,0.963,0.979,0.973,0.977
0.243,0.411,0.568,0.667,0.757,0.825,0.853,0.904,0.924,0.955,0.95,0.975,0.974,0.98,0.988
0.28,0.414,0.579,0.711,0.75,0.816,0.864,0.905,0.927,0.948,0.962,0.968,0.968,0.981,0.985
0.265,0.451,0.59,0.675,0.755,0.812,0.866,0.904,0.935,0.948,0.955,0.966,0.975,0.983,0.976
0.245,0.44,0.583,0.684,0.75,0.807,0.884,0.886,0.915,0.937,0.961,0.963,0.984,0.982,0.984
0.248,0.438,0.604,0.68,0.763,0.801,0.871,0.905,0.911,0.948,0.962,0.977,0.971,0.974,0.986
0.257,0.43,0.593,0.705,0.768,0.813,0.854,0.913,0.933,0.951,0.958,0.964,0.977,0.986,0.984
0.23,0.415,0.558,0.68,0.761,0.825,0.862,0.91,0.942,0.946,0.962,0.971,0.982,0.983,0.987
0.237,0.427,0.588,0.677,0.735,0.827,0.839,0.888,0.928,0.95,0.955,0.965,0.978,0.985,0.985
0.244,0.455,0.583,0.696,0.742,0.815,0.861,0.902,0.926,0.955,0.963,0.976,0.971,0.987,0.984
0.231,0.443,0.566,0.684,0.778,0.838,0.861,0.897,0.933,0.942,0.968,0.971,0.981,0.983,0.984
0.252,0.453,0.583,0.7,0.755,0.818,0.863,0.907,0.929,0.943,0.957,0.97,0.98,0.985,0.989
0.253,0.439,0.568,0.702,0.759,0.807,0.862,0.885,0.913,0.946,0.959,0.968,0.975,0.977,0.983
0.255,0.47,0.559,0.7,0.769,0.825,0.879,0.899,0.933,0.941,0.957,0.969,0.976,0.985,0.989
0.247,0.435,0.565,0.691,0.752,0.816,0.852,0.891,0.914,0.949,0.954,0.974,0.976,0.979,0.981
0.263,0.432,0.596,0.641,0.762,0.83,0.863,0.888,0.932,0.942,0.959,0.96,0.984,0.981,0.987
0.269,0.443,0.576,0.682,0.757,0.804,0.869,0.906,0.94,0.934,0.973,0.964,0.977,0.981,0.982
0.247,0.406,0.597,0.689,0.755,0.833,0.885,0.895,0.931,0.947,0.965,0.972,0.969,0.985,0.986
0.253,0.435,0.577,0.691,0.761,0.807,0.883,0.895,0.933,0.946,0.949,0.963,0.977,0.983,0.988
0.263,0.427,0.579,0.667,0.766,0.846,0.87,0.909,0.921,0.947,0.953,0.962,0.977,0.991,0.993
0.258,0.45,0.573,0.694,0.756,0.805,0.864,0.904,0.938,0.933,0.964,0.975,0.976,0.99,0.982
0.239,0.443,0.562,0.698,0.751,0.842,0.873,0.875,0.923,0.946,0.951,0.977,0.976,0.982,0.991
0.25,0.448,0.577,0.681,0.763,0.835,0.856,0.891,0.935,0.939,0.961,0.966,0.968,0.972,0.982
0.241,0.453,0.567,0.681,0.755,0.83,0.873,0.901,0.933,0.94,0.959,0.965,0.974,0.98,0.989
0.253,0.427,0.573,0.672,0.758,0.828,0.862,0.883,0.929,0.96,0.956,0.97,0.979,0.986,0.978
0.244,0.448,0.579,0.682,0.765,0.812,0.874,0.905,0.92,0.946,0.956,0.967,0.967,0.98,0.989
0.243,0.428,0.575,0.67,0.737,0.828,0.854,0.903,0.919,0.933,0.96,0.975,0.981,0.98,0.982
0.256,0.443,0.602,0.71,0.778,0.835,0.88,0.904,0.934,0.952,0.954,0.971,0.971,0.978,0.988
0.287,0.448,0.552,0.663,0.754,0.809,0.851,0.905,0.919,0.947,0.961,0.965,0.974,0.984,0.983
0.274,0.419,0.587,0.673,0.768,0.809,0.891,0.899,0.919,0.941,0.958,0.972,0.977,0.983,0.992
0.252,0.448,0.59,0.686,0.768,0.832,0.876,0.904,0.928,0.939,0.971,0.963,0.979,0.982,0.982
0.263,0.446,0.56,0.721,0.765,0.826,0.875,0.9,0.923,0.952,0.967,0.976,0.967,0.988,0.99
0.262,0.45,0.583,0.692,0.783,0.821,0.857,0.892,0.909,0.942,0.958,0.969,0.978,0.978,0.985
0.256,0.448,0.558,0.701,0.767,0.837,0.875,0.906,0.916,0.953,0.958,0.968,0.98,0.982,0.99
0.252,0.434,0.59,0.685,0.768,0.808,0.863,0.912,0.935,0.947,0.965,0.969,0.972,0.984,0.985
0.257,0.458,0.581,0.681,0.753,0.825,0.866,0.899,0.915,0.945,0.947,0.976,0.976,0.981,0.986
0.256,0.43,0.569,0.672,0.766,0.829,0.866,0.902,0.917,0.948,0.959,0.957,0.975,0.986,0.987
0.256,0.422,0.583,0.674,0.774,0.829,0.885,0.901,0.922,0.939,0.957,0.973,0.973,0.98,0.987
0.259,0.46,0.603,0.663,0.743,0.803,0.883,0.912,0.912,0.938,0.957,0.976,0.967,0.982,0.99
0.256,0.457,0.562,0.679,0.764,0.843,0.856,0.898,0.922,0.949,0.954,0.967,0.977,0.98,0.986
0.221,0.414,0.563,0.678,0.767,0.813,0.857,0.895,0.914,0.949,0.945,0.971,0.981,0.986,0.989
0.234,0.458,0.574,0.67,0.795,0.818,0.866,0.89,0.93,0.954,0.95,0.959,0.981,0.981,0.989
0.255,0.461,0.564,0.686,0.769,0.827,0.868,0.909,0.929,0.936,0.971,0.98,0.989,0.983,0.986
0.266,0.419,0.6,0.697,0.782,0.832,0.853,0.889,0.928,0.929,0.947,0.965,0.979,0.979,0.99
0.234,0.433,0.608,0.646,0.774,0.815,0.878,0.909,0.928,0.949,0.96,0.964,0.981,0.981,0.985
0.238,0.452,0.577,0.661,0.758,0.82,0.881,0.904,0.932,0.943,0.967,0.974,0.97,0.982,0.99
0.26,0.4,0.585,0.669,0.758,0.805,0.861,0.909,0.934,0.95,0.938,0.969,0.982,0.986,0.984
0.233,0.442,0.61,0.685,0.747,0.826,0.864,0.902,0.926,0.952,0.966,0.966,0.981,0.985,0.98
0.255,0.43,0.589,0.646,0.727,0.799,0.868,0.91,0.918,0.943,0.96,0.968,0.98,0.988,0.986
0.261,0.433,0.567,0.678,0.782,0.834,0.888,0.911,0.924,0.936,0.963,0.966,0.984,0.987,0.984
0.266,0.415,0.592,0.666,0.75,0.841,0.876,0.9,0.921,0.937,0.966,0.971,0.979,0.985,0.99
0.26,0.434,0.582,0.681,0.76,0.832,0.872,0.893,0.938,0.948,0.967,0.967,0.978,0.985,0.987
0.262,0.482,0.572,0.683,0.768,0.821,0.874,0.893,0.918,0.934,0.957,0.976,0.978,0.984,0.987
0.245,0.427,0.598,0.669,0.771,0.821,0.865,0.902,0.925,0.935,0.953,0.973,0.974,0.967,0.983
0.235,0.426,0.556,0.702,0.782,0.835,0.884,0.902,0.912,0.933,0.957,0.975,0.979,0.988,0.986
0.243,0.439,0.572,0.689,0.781,0.818,0.873,0.922,0.941,0.94,0.952,0.965,0.972,0.986,0.992
0.237,0.455,0.55,0.675,0.761,0.826,0.869,0.898,0.921,0.943,0.967,0.97,0.973,0.976,0.99
0.251,0.446,0.573,0.661,0.742,0.847,0.867,0.885,0.925,0.931,0.956,0.974,0.971,0.984,0.982
0.27,0.41,0.607,0.692,0.789,0.841,0.863,0.892,0.92,0.938,0.966,0.97,0.984,0.978,0.986
0.254,0.413,0.554,0.701,0.745,0.829,0.864,0.897,0.931,0.933,0.964,0.973,0.972,0.982,0.982
0.242,0.424,0.573,0.691,0.759,0.836,0.863,0.91,0.932,0.947,0.958,0.976,0.974,0.988,0.983
0.258,0.445,0.58,0.7,0.79,0.834,0.87,0.898,0.933,0.946,0.956,0.964,0.976,0.986,0.993
0.235,0.465,0.61,0.684,0.76,0.847,0.871,0.908,0.934,0.955,0.964,0.976,0.967,0.989,0.988
0.244,0.434,0.56,0.701,0.754,0.818,0.868,0.895,0.943,0.958,0.964,0.971,0.977,0.988,0.993
0.263,0.424,0.558,0.684,0.774,0.84,0.886,0.899,0.917,0.947,0.962,0.976,0.973,0.986,0.987
0.228,0.442,0.556,0.689,0.77,0.821,0.87,0.901,0.931,0.945,0.951,0.968,0.966,0.978,0.986
0.239,0.481,0.589,0.685,0.769,0.813,0.865,0.925,0.939,0.949,0.952,0.971,0.976,0.986,0.983
0.249,0.428,0.586,0.682,0.799,0.82,0.879,0.908,0.933,0.948,0.942,0.976,0.971,0.982,0.982
0.237,0.45,0.562,0.683,0.752,0.837,0.867,0.893,0.924,0.948,0.959,0.96,0.983,0.985,0.99
0.265,0.444,0.574,0.689,0.767,0.827,0.881,0.892,0.92,0.951,0.958,0.964,0.968,0.982,0.99
0.241,0.434,0.574,0.695,0.764,0.828,0.87,0.895,0.944,0.948,0.965,0.972,0.979,0.988,0.981
0.237,0.451,0.565,0.677,0.762,0.834,0.844,0.908,0.921,0.943,0.953,0.966,0.969,0.978,0.976
0.258,0.462,0.575,0.677,0.762,0.823,0.883,0.917,0.926,0.94,0.953,0.974,0.978,0.983,0.986
0.272,0.426,0.587,0.713,0.756,0.822,0.873,0.885,0.919,0.934,0.955,0.968,0.981,0.988,0.991
0.242,0.433,0.563,0.696,0.802,0.83,0.876,0.909,0.928,0.93,0.946,0.968,0.982,0.987,0.993
0.233,0.419,0.611,0.705,0.78,0.827,0.852,0.915,0.93,0.943,0.958,0.978,0.974,0.977,0.985
0.252,0.426,0.583,0.682,0.786,0.818,0.873,0.906,0.925,0.951,0.968,0.971,0.97,0.975,0.991
0.26,0.461,0.559,0.676,0.768,0.812,0.862,0.909,0.925,0.937,0.958,0.969,0.979,0.978,0.983
0.252,0.434,0.581,0.684,0.761,0.818,0.886,0.894,0.913,0.947,0.951,0.97,0.97,0.983,0.989
0.252,0.429,0.61,0.68,0.742,0.815,0.858,0.892,0.921,0.949,0.96,0.974,0.972,0.985,0.99
0.241,0.446,0.564,0.669,0.76,0.804,0.879,0.9,0.925,0.927,0.958,0.963,0.975,0.982,0.99
0.234,0.425,0.585,0.679,0.782,0.808,0.881,0.904,0.923,0.939,0.955,0.968,0.985,0.982,0.985
0.251,0.426,0.595,0.66,0.772,0.814,0.872,0.91,0.931,0.943,0.954,0.976,0.973,0.981,0.987
0.258,0.439,0.604,0.678,0.758,0.818,0.863,0.913,0.922,0.962,0.952,0.972,0.975,0.991,0.994
0.276,0.435,0.572,0.7,0.755,0.816,0.864,0.902,0.923,0.949,0.951,0.968,0.966,0.989,0.99
0.246,0.416,0.597,0.698,0.764,0.832,0.842,0.897,0.917,0.938,0.956,0.968,0.974,0.981,0.987
0.24,0.439,0.588,0.646,0.771,0.814,0.881,0.91,0.929,0.938,0.954,0.98,0.974,0.984,0.989
0.271,0.448,0.607,0.7,0.755,0.813,0.886,0.914,0.917,0.943,0.959,0.966,0.986,0.98,0.987
0.245,0.445,0.598,0.679,0.752,0.833,0.874,0.901,0.93,0.951,0.957,0.971,0.975,0.98,0.987
0.25,0.439,0.571,0.679,0.731,0.801,0.866,0.894,0.929,0.938,0.957,0.964,0.978,0.971,0.987
0.258,0.432,0.588,0.681,0.769,0.81,0.867,0.9,0.923,0.931,0.959,0.971,0.985,0.977,0.988
0.271,0.446,0.608,0.689,0.762,0.814,0.874,0.891,0.93,0.941,0.961,0.956,0.98,0.983,0.993
0.278,0.44,0.58,0.654,0.755,0.835,0.864,0.891,0.912,0.952,0.961,0.974,0.971,0.985,0.989
0.259,0.455,0.578,0.681,0.769,0.806,0.875,0.896,0.945,0.95,0.955,0.964,0.98,0.984,0.981
0.238,0.449,0.565,0.668,0.761,0.832,0.875,0.894,0.915,0.959,0.963,0.959,0.979,0.988,0.993
0.251,0.451,0.564,0.695,0.764,0.84,0.846,0.912,0.928,0.959,0.948,0.96,0.977,0.985,0.99
0.246,0.421,0.6,0.688,0.768,0.836,0.858,0.902,0.925,0.948,0.958,0.963,0.98,0.982,0.986
0.252,0.43,0.543,0.68,0.735,0.819,0.859,0.904,0.919,0.935,0.953,0.965,0.971,0.981,0.981
0.226,0.424,0.568,0.673,0.773,0.816,0.869,0.909,0.928,0.947,0.954,0.975,0.972,0.978,0.988
0.242,0.461,0.556,0.693,0.767,0.805,0.857,0.884,0.924,0.942,0.955,0.967,0.984,0.974,0.982
0.256,0.443,0.61,0.712,0.764,0.845,0.869,0.899,0.924,0.944,0.957,0.973,0.985,0.98,0.987
0.248,0.418,0.574,0.674,0.741,0.808,0.882,0.897,0.921,0.939,0.971,0.97,0.977,0.982,0.99
0.25,0.436,0.589,0.677,0.761,0.848,0.862,0.909,0.916,0.935,0.964,0.976,0.979,0.986,0.991
0.265,0.424,0.608,0.686,0.783,0.825,0.851,0.881,0.914,0.948,0.963,0.97,0.975,0.977,0.987
0.241,0.423,0.576,0.68,0.737,0.833,0.888,0.896,0.926,0.94,0.965,0.961,0.981,0.983,0.988
0.245,0.448,0.576,0.681,0.746,0.814,0.866,0.908,0.923,0.954,0.949,0.969,0.974,0.984,0.993
0.253,0.428,0.581,0.691,0.775,0.815,0.83,0.889,0.929,0.925,0.955,0.971,0.976,0.972,0.989
0.229,0.44,0.568,0.709,0.764,0.79,0.876,0.898,0.923,0.948,0.961,0.968,0.982,0.99,0.982
0.233,0.428,0.581,0.68,0.759,0.815,0.886,0.888,0.929,0.948,0.967,0.965,0.984,0.974,0.99
0.251,0.452,0.569,0.7,0.755,0.815,0.849,0.9,0.93,0.939,0.964,0.969,0.966,0.984,0.982
0.224,0.442,0.582,0.665,0.763,0.819,0.856,0.895,0.941,0.927,0.952,0.97,0.974,0.982,0.984
0.264,0.452,0.591,0.716,0.748,0.814,0.872,0.892,0.919,0.945,0.96,0.967,0.98,0.977,0.985
0.231,0.441,0.603,0.684,0.749,0.834,0.869,0.903,0.925,0.949,0.955,0.974,0.979,0.982,0.987
0.254,0.438,0.571,0.68,0.76,0.819,0.874,0.894,0.922,0.928,0.956,0.977,0.98,0.976,0.992
0.245,0.418,0.61,0.688,0.724,0.812,0.848,0.892,0.928,0.944,0.958,0.983,0.973,0.986,0.984
0.24,0.419,0.578,0.666,0.781,0.831,0.855,0.895,0.928,0.936,0.956,0.971,0.979,0.982,0.986
0.262,0.428,0.584,0.659,0.773,0.814,0.856,0.897,0.908,0.954,0.948,0.962,0.981,0.982,0.988
0.247,0.422,0.571,0.674,0.756,0.831,0.873,0.908,0.927,0.945,0.954,0.981,0.966,0.985,0.988
0.241,0.432,0.609,0.688,0.752,0.808,0.87,0.895,0.927,0.944,0.949,0.978,0.978,0.984,0.987
0.253,0.425,0.571,0.665,0.774,0.811,0.855,0.909,0.927,0.941,0.954,0.969,0.975,0.985,0.986
0.246,0.433,0.586,0.702,0.768,0.827,0.878,0.908,0.918,0.955,0.962,0.968,0.979,0.984,0.987
0.246,0.452,0.596,0.674,0.762,0.832,0.873,0.894,0.921,0.956,0.952,0.976,0.976,0.982,0.984
0.232,0.451,0.545,0.682,0.769,0.83,0.859,0.9,0.924,0.947,0.954,0.968,0.984,0.975,0.984
0.255,0.445,0.61,0.695,0.766,0.799,0.848,0.897,0.915,0.945,0.957,0.963,0.98,0.987,0.983
0.246,0.462,0.607,0.664,0.77,0.828,0.887,0.902,0.939,0.948,0.955,0.968,0.975,0.984,0.985
0.252,0.445,0.587,0.698,0.766,0.829,0.863,0.902,0.927,0.941,0.954,0.97,0.979,0.974,0.99
0.232,0.426,0.569,0.683,0.779,0.828,0.879,0.895,0.909,0.954,0.96,0.968,0.971,0.983,0.985
0.233,0.413,0.59,0.687,0.769,0.821,0.866,0.899,0.914,0.94,0.955,0.966,0.98,0.982,0.991
0.238,0.463,0.576,0.691,0.74,0.827,0.855,0.894,0.92,0.943,0.953,0.969,0.969,0.986,0.985
0.242,0.421,0.564,0.681,0.752,0.825,0.87,0.903,0.936,0.947,0.959,0.96,0.974,0.989,0.985
0.245,0.435,0.592,0.673,0.759,0.834,0.882,0.903,0.93,0.945,0.96,0.963,0.977,0.988,0.99
0.24,0.446,0.589,0.674,0.769,0.82,0.878,0.896,0.916,0.937,0.95,0.97,0.968,0.983,0.992
0.265,0.426,0.577,0.682,0.749,0.826,0.878,0.908,0.934,0.934,0.957,0.966,0.978,0.981,0.989
0.242,0.448,0.588,0.694,0.766,0.835,0.866,0.894,0.912,0.94,0.953,0.969,0.968,0.989,0.992
0.255,0.447,0.565,0.68,0.759,0.836,0.853,0.9,0.932,0.95,0.96,0.971,0.979,0.984,0.979
0.248,0.435,0.565,0.683,0.781,0.822,0.876,0.895,0.93,0.947,0.959,0.971,0.977,0.983,0.982
0.258,0.442,0.587,0.671,0.762,0.824,0.849,0.879,0.929,0.942,0.949,0.966,0.975,0.982,0.985
0.255,0.442,0.563,0.679,0.752,0.828,0.867,0.894,0.921,0.939,0.957,0.968,0.979,0.979,0.99
0.247,0.447,0.569,0.678,0.763,0.842,0.874,0.898,0.921,0.962,0.961,0.969,0.983,0.98,0.987
0.239,0.47,0.586,0.675,0.79,0.834,0.871,0.911,0.923,0.941,0.957,0.961,0.974,0.985,0.986
0.257,0.448,0.61,0.645,0.808,0.826,0.857,0.91,0.924,0.958,0.973,0.963,0.981,0.981,0.981
0.225,0.425,0.561,0.691,0.756,0.815,0.852,0.898,0.927,0.935,0.957,0.972,0.969,0.983,0.98
0.241,0.43,0.588,0.694,0.748,0.788,0.869,0.876,0.922,0.945,0.958,0.975,0.974,0.988,0.989
0.25,0.426,0.568,0.665,0.756,0.813,0.868,0.895,0.93,0.953,0.957,0.972,0.972,0.972,0.989
0.251,0.423,0.591,0.684,0.752,0.813,0.857,0.898,0.925,0.94,0.959,0.96,0.978,0.982,0.992
0.247,0.415,0.576,0.655,0.779,0.83,0.868,0.895,0.913,0.949,0.963,0.967,0.976,0.98,0.978
0.271,0.42,0.599,0.647,0.764,0.846,0.863,0.897,0.916,0.959,0.959,0.964,0.979,0.982,0.985
0.242,0.432,0.562,0.678,0.748,0.836,0.877,0.894,0.938,0.949,0.961,0.972,0.972,0.986,0.988
0.24,0.439,0.575,0.705,0.762,0.837,0.866,0.897,0.909,0.926,0.963,0.97,0.98,0.981,0.985
0.243,0.441,0.566,0.697,0.77,0.828,0.863,0.903,0.927,0.954,0.963,0.974,0.972,0.978,0.985
0.246,0.435,0.59,0.667,0.767,0.849,0.863,0.901,0.916,0.942,0.954,0.969,0.98,0.979,0.989
0.252,0.427,0.587,0.672,0.762,0.838,0.853,0.91,0.92,0.937,0.963,0.975,0.98,0.984,0.985
0.266,0.432,0.577,0.688,0.761,0.823,0.878,0.911,0.934,0.938,0.958,0.973,0.974,0.987,0.984
0.269,0.442,0.572,0.651,0.748,0.804,0.86,0.902,0.922,0.948,0.964,0.97,0.982,0.98,0.988
0.254,0.431,0.598,0.672,0.766,0.825,0.873,0.893,0.926,0.947,0.954,0.974,0.975,0.985,0.988
0.256,0.45,0.593,0.706,0.763,0.84,0.866,0.898,0.916,0.947,0.955,0.96,0.975,0.979,0.99
0.238,0.433,0.552,0.682,0.809,0.814,0.873,0.903,0.935,0.943,0.965,0.966,0.976,0.977,0.988
0.267,0.439,0.578,0.679,0.751,0.824,0.868,0.892,0.93,0.943,0.939,0.954,0.977,0.987,0.993
0.239,0.464,0.599,0.648,0.783,0.8,0.879,0.883,0.923,0.937,0.961,0.956,0.982,0.982,0.987
0.248,0.441,0.592,0.674,0.775,0.795,0.842,0.901,0.908,0.935,0.958,0.968,0.978,0.977,0.988
0.237,0.456,0.59,0.664,0.782,0.813,0.867,0.898,0.913,0.953,0.961,0.973,0.976,0.982,0.988
0.23,0.419,0.605,0.672,0.779,0.819,0.844,0.883,0.925,0.959,0.965,0.966,0.972,0.985,0.989
0.247,0.422,0.556,0.692,0.76,0.826,0.852,0.911,0.928,0.935,0.968,0.965,0.981,0.979,0.989
0.247,0.442,0.571,0.679,0.758,0.813,0.878,0.899,0.915,0.948,0.96,0.967,0.977,0.981,0.988
0.274,0.426,0.583,0.692,0.777,0.811,0.859,0.893,0.925,0.945,0.961,0.961,0.968,0.99,0.992
0.254,0.455,0.555,0.719,0.749,0.841,0.87,0.906,0.916,0.946,0.956,0.966,0.98,0.977,0.987
0.25,0.462,0.564,0.696,0.768,0.83,0.866,0.887,0.914,0.942,0.952,0.973,0.981,0.985,0.984
0.24,0.449,0.564,0.685,0.764,0.824,0.879,0.897,0.925,0.944,0.964,0.973,0.984,0.973,0.981
0.256,0.444,0.596,0.688,0.756,0.825,0.869,0.902,0.921,0.933,0.967,0.976,0.978,0.983,0.987
0.271,0.44,0.576,0.69,0.746,0.85,0.862,0.897,0.927,0.942,0.947,0.961,0.976,0.983,0.988
0.223,0.432,0.555,0.673,0.752,0.815,0.858,0.884,0.923,0.929,0.963,0.957,0.982,0.985,0.99
0.257,0.44,0.579,0.67,0.771,0.823,0.855,0.88,0.919,0.93,0.952,0.973,0.975,0.986,0.99
0.235,0.427,0.581,0.685,0.775,0.842,0.88,0.918,0.935,0.951,0.947,0.97,0.979,0.992,0.987
0.26,0.437,0.582,0.68,0.744,0.823,0.862,0.891,0.902,0.948,0.949,0.966,0.976,0.978,0.99
0.264,0.443,0.576,0.683,0.76,0.808,0.877,0.898,0.923,0.951,0.964,0.969,0.972,0.98,0.992
0.27,0.439,0.596,0.676,0.737,0.798,0.893,0.905,0.925,0.927,0.955,0.968,0.971,0.982,0.986
0.239,0.46,0.585,0.676,0.785,0.815,0.866,0.884,0.92,0.955,0.97,0.972,0.974,0.988,0.98
0.234,0.446,0.589,0.684,0.775,0.816,0.871,0.902,0.927,0.943,0.963,0.968,0.975,0.98,0.986
0.26,0.458,0.577,0.721,0.766,0.832,0.857,0.898,0.932,0.944,0.964,0.974,0.968,0.985,0.987
0.265,0.435,0.557,0.677,0.756,0.819,0.864,0.903,0.93,0.925,0.956,0.961,0.973,0.982,0.99
0.23,0.434,0.573,0.66,0.754,0.798,0.889,0.902,0.935,0.935,0.961,0.963,0.976,0.977,0.985
0.285,0.438,0.596,0.691,0.772,0.824,0.865,0.903,0.927,0.95,0.961,0.972,0.967,0.984,0.988
0.238,0.427,0.578,0.683,0.775,0.828,0.851,0.913,0.922,0.948,0.964,0.97,0.978,0.985,0.991
0.245,0.423,0.565,0.675,0.766,0.817,0.863,0.902,0.944,0.943,0.964,0.974,0.974,0.983,0.986
0.247,0.45,0.582,0.667,0.753,0.822,0.871,0.907,0.939,0.932,0.959,0.972,0.988,0.98,0.986
0.252,0.428,0.587,0.679,0.773,0.798,0.873,0.908,0.916,0.945,0.95,0.966,0.975,0.986,0.988
0.241,0.443,0.572,0.68,0.767,0.808,0.867,0.898,0.927,0.941,0.961,0.974,0.971,0.984,0.983
0.236,0.43,0.573,0.656,0.775,0.814,0.853,0.887,0.927,0.95,0.959,0.961,0.981,0.98,0.985
0.27,0.41,0.561,0.703,0.775,0.801,0.857,0.901,0.93,0.949,0.964,0.964,0.976,0.987,0.988
0.276,0.44,0.582,0.683,0.754,0.83,0.86,0.904,0.909,0.948,0.96,0.967,0.977,0.986,0.988
0.254,0.433,0.574,0.706,0.762,0.796,0.865,0.911,0.921,0.941,0.958,0.974,0.98,0.984,0.983
0.257,0.438,0.572,0.687,0.756,0.841,0.89,0.886,0.931,0.931,0.957,0.978,0.973,0.98,0.99
0.253,0.439,0.584,0.672,0.743,0.799,0.864,0.902,0.939,0.947,0.965,0.97,0.976,0.979,0.986
0.255,0.444,0.606,0.698,0.781,0.836,0.879,0.92,0.935,0.933,0.963,0.981,0.976,0.988,0.98
0.259,0.419,0.558,0.673,0.728,0.809,0.868,0.902,0.926,0.933,0.951,0.965,0.977,0.981,0.988
0.246,0.442,0.575,0.688,0.759,0.817,0.86,0.891,0.919,0.956,0.955,0.962,0.979,0.987,0.988
0.238,0.411,0.575,0.669,0.767,0.828,0.882,0.91,0.916,0.945,0.95,0.966,0.98,0.976,0.991
0.248,0.422,0.578,0.674,0.755,0.821,0.866,0.902,0.912,0.941,0.952,0.969,0.977,0.984,0.988
0.249,0.446,0.605,0.683,0.779,0.819,0.859,0.889,0.928,0.956,0.961,0.961,0.985,0.985,0.983
0.242,0.439,0.587,0.684,0.741,0.821,0.893,0.899,0.914,0.956,0.958,0.963,0.985,0.979,0.984
0.263,0.461,0.579,0.67,0.772,0.819,0.877,0.896,0.927,0.942,0.955,0.969,0.967,0.978,0.98
0.25,0.434,0.579,0.684,0.767,0.837,0.864,0.903,0.919,0.938,0.965,0.967,0.981,0.981,0.984
0.251,0.467,0.583,0.668,0.755,0.812,0.859,0.874,0.917,0.949,0.971,0.972,0.978,0.983,0.992
0.252,0.454,0.584,0.684,0.767,0.818,0.874,0.886,0.94,0.938,0.96,0.971,0.98,0.983,0.991
0.233,0.443,0.571,0.673,0.755,0.817,0.854,0.888,0.925,0.951,0.963,0.971,0.97,0.981,0.988
0.242,0.445,0.568,0.692,0.781,0.826,0.873,0.907,0.927,0.94,0.944,0.957,0.978,0.986,0.985
0.237,0.451,0.589,0.684,0.768,0.813,0.854,0.885,0.923,0.931,0.949,0.973,0.976,0.986,0.985
0.271,0.424,0.587,0.674,0.778,0.847,0.848,0.91,0.934,0.95,0.963,0.973,0.974,0.979,0.982
0.249,0.432,0.582,0.71,0.781,0.807,0.864,0.903,0.928,0.951,0.961,0.965,0.971,0.983,0.99
0.257,0.455,0.591,0.679,0.771,0.821,0.875,0.889,0.921,0.944,0.965,0.965,0.971,0.986,0.989
0.246,0.429,0.576,0.696,0.79,0.832,0.859,0.903,0.926,0.941,0.956,0.965,0.979,0.982,0.994
0.243,0.417,0.581,0.647,0.748,0.825,0.876,0.895,0.925,0.946,0.96,0.972,0.98,0.983,0.988
0.263,0.433,0.568,0.682,0.778,0.811,0.853,0.913,0.936,0.941,0.955,0.964,0.969,0.975,0.987
0.251,0.438,0.596,0.69,0.777,0.844,0.884,0.898,0.932,0.942,0.966,0.965,0.979,0.977,0.989
0.262,0.436,0.575,0.692,0.743,0.797,0.846,0.894,0.925,0.935,0.959,0.976,0.975,0.983,0.984
0.273,0.438,0.578,0.674,0.778,0.803,0.849,0.878,0.921,0.944,0.956,0.973,0.984,0.984,0.985
0.256,0.441,0.593,0.67,0.766,0.807,0.849,0.889,0.925,0.951,0.965,0.971,0.979,0.984,0.985
0.258,0.444,0.583,0.683,0.767,0.808,0.854,0.9,0.916,0.937,0.962,0.974,0.973,0.98,0.992
0.257,0.417,0.597,0.641,0.766,0.82,0.863,0.902,0.923,0.946,0.952,0.967,0.965,0.978,0.981
0.232,0.415,0.587,0.679,0.784,0.814,0.857,0.908,0.922,0.941,0.952,0.968,0.974,0.979,0.987
0.229,0.44,0.57,0.687,0.758,0.831,0.879,0.907,0.927,0.957,0.968,0.97,0.978,0.99,0.988
0.244,0.44,0.597,0.682,0.771,0.828,0.855,0.89,0.928,0.943,0.965,0.977,0.984,0.983,0.98
0.263,0.445,0.59,0.691,0.772,0.821,0.878,0.893,0.928,0.942,0.95,0.967,0.975,0.981,0.981
0.235,0.454,0.589,0.682,0.773,0.796,0.858,0.883,0.927,0.94,0.963,0.967,0.978,0.98,0.987
0.258,0.42,0.567,0.691,0.763,0.836,0.87,0.892,0.93,0.947,0.957,0.964,0.976,0.972,0.986
0.262,0.44,0.59,0.672,0.784,0.832,0.86,0.89,0.94,0.943,0.955,0.965,0.965,0.98,0.994
0.242,0.435,0.6,0.672,0.772,0.846,0.875,0.892,0.93,0.945,0.949,0.967,0.975,0.987,0.985
0.266,0.443,0.559,0.688,0.763,0.821,0.878,0.907,0.93,0.939,0.962,0.965,0.983,0.978,0.993
0.256,0.427,0.589,0.668,0.757,0.809,0.879,0.904,0.926,0.935,0.953,0.965,0.978,0.987,0.986
0.258,0.43,0.554,0.696,0.786,0.811,0.868,0.902,0.927,0.952,0.95,0.972,0.974,0.989,0.989
0.253,0.418,0.565,0.664,0.774,0.848,0.865,0.89,0.93,0.952,0.952,0.976,0.965,0.987,0.989
0.254,0.437,0.567,0.69,0.752,0.835,0.874,0.896,0.922,0.96,0.959,0.969,0.98,0.983,0.988
0.26,0.415,0.567,0.671,0.778,0.821,0.866,0.915,0.932,0.939,0.952,0.974,0.98,0.985,0.985
0.267,0.457,0.585,0.672,0.756,0.831,0.882,0.897,0.936,0.945,0.958,0.968,0.987,0.975,0.989
0.238,0.431,0.575,0.729,0.756,0.817,0.876,0.902,0.937,0.942,0.953,0.968,0.979,0.982,0.984
0.239,0.42,0.573,0.69,0.779,0.826,0.875,0.904,0.931,0.944,0.953,0.959,0.973,0.987,0.984
0.258,0.425,0.562,0.697,0.75,0.824,0.865,0.896,0.921,0.95,0.956,0.967,0.981,0.981,0.984
0.25,0.437,0.559,0.679,0.769,0.812,0.878,0.904,0.934,0.945,0.962,0.973,0.98,0.986,0.986
0.252,0.423,0.574,0.681,0.762,0.825,0.867,0.894,0.926,0.937,0.971,0.978,0.973,0.98,0.987
0.241,0.439,0.559,0.679,0.763,0.82,0.877,0.907,0.925,0.925,0.952,0.965,0.98,0.981,0.992
0.273,0.441,0.579,0.688,0.772,0.804,0.865,0.901,0.921,0.936,0.957,0.967,0.973,0.981,0.984
